status_id,status_message,link_name,status_type,status_link,status_published,num_reactions,num_comments,num_shares,num_likes,num_loves,num_wows,num_hahas,num_sads,num_angrys
511585615610016_1084372451664660,"""อย่าได้คิดประท้วง EU โดยจุดไฟเผาธง EU 

ผู้ประท้วงจะกลายเป็นตัวโจ๊กไป เพราะธง EU ไม่ไหม้ มันทำจากวัสดุทนไฟตามกฎระเบียบ EU เพื่อความปลอดภัยของชีวิตและทรัพย์สิน

สะท้อนความเป็น EU ได้ดียิ่ง""

#มิตรสหายท่านหนึ่ง",Man tries to burn EU flag. Flag doesn't burn because of EU regulations on flammable materials,link,https://www.indy100.com/article/eu-flag-uk-burning-regulations-flame-retardant-article-50-brexit-7657391,2017-04-04 00:17:51,2673,29,142,2053,7,41,569,3,0
511585615610016_1083934558375116,"""คนไทยแม่งอาบน้ำบ่อยมากจนแทบไม่มีกลิ่นตัว แล้วเท่าที่เคยอ่านบันทึกมิชชั่นนารี เราแม่งอาบน้ำบ่อยมากมาตั้งนานแล้ว

นี่น่าจะเป็นเหตุผลว่าเราแม่งรับกลิ่นตัวคนอื่นแทบจะไม่ได้

ถึงเราจะมีกลิ่นตัวจากอาหาร ลองหาข้อมูลดูก็เห็นว่าจะเป็นกลิ่นผักชีกับใบโหระพรา ไม่ก็กลิ่นกระเพราะจากเหงื่อที่เราๆไม่สังเกตุ

แต่แม่งก็คนละเรื่องกับกลิ่นตัวที่มีแบคทีเรีย วัฒนธรรมการอาบน้ำบ่อยๆ น่าจะทำให้เราแม่งรับไม่ได้ หากได้กลิ่นตัวคนอื่น"" #มิตรสหายท่านหนึ่ง

http://tastythailand.com/are-thais-the-cleanest-people-in-the-world-if-not-theyre-close/","Are Thais the Cleanest People in the World? If Not, They're Close – Tasty Thailand",link,http://tastythailand.com/are-thais-the-cleanest-people-in-the-world-if-not-theyre-close/,2017-04-03 10:27:25,822,45,71,754,3,9,56,0,0
511585615610016_1083865975048641,"""จากนั้นขึ้นไปยังชานชาลา (ชั้น 3) เพื่อทำพิธีเปิด อีกทั้งชมวิธีการควบคุมการเดินรถภายในห้องควบคุม โดย นายกรัฐมนตรี ได้ประกาศ ออกลำโพงภายในขบวนรถ ว่าขณะนี้ขบวนรถจะออกจากสถานีสำโรงเพื่อไปสถานีแบริ่ง ก่อนจะลงมือขับรถไฟฟ้าบีทีเอส ภายใต้ระบบอาณัติสัญญาณ ในช่วงแรกของการออกจากสถานีสำโรง(E15) ไปยังสถานีแบริ่ง (E14) จำนวน 1 สถานี ซึ่งขบวนรถได้กระชากออกตัว ทำให้มีการเบรกรถไฟฟ้า ทำให้คณะฯ และสื่อมวลชน เสียหลักเกือบล้มทั้งขบวน ก่อนจะให้พนักงานเข้ามาทำการขับรถไฟฟ้าแทน""

ข่าวสด รายงาน
https://www.khaosod.co.th/breaking-news/news_281907",เปิดบริการแล้ว!! นายกฯโชว์ขับรถไฟฟ้าสายสีเขียวแบริ่ง–สำโรง เบรกเอี๊ยดหัวทิ่มทั้งขบวน,link,https://www.khaosod.co.th/breaking-news/news_281907,2017-04-03 08:51:31,1299,88,67,916,2,16,352,5,8
511585615610016_1083841405051098,"""กละ กล้องนั่น""",Nelson S. Howe,photo,https://www.facebook.com/myadventuresinbangkok/photos/a.675882452435245.1073741828.630850690271755/1435032486520234/?type=3,2017-04-03 08:14:56,3438,29,0,3033,11,15,285,92,2
511585615610016_1083759355059303,"""แล้วคนที่อนุมัติมันจะได้รับผลประโยชน์หรือ มันจะหน้าด้านขนาดนั้นเชียวหรือ ผมอยากจะรู้นัก อย่ามองรัฐบาล และผมแบบนั้น เพราะถ้ามองแบบนั้นมันก็จบทุกเรื่อง ทำอะไรไม่ได้ทั้งหมด ผมพยายามจะทำให้ดีที่สุด แต่ถ้าจะโกงกันก็ต้องไปสอบดูว่าโกงกันอย่างไร แล้วไปลงโทษกัน ต่อไปนี้ถ้ามันต้องมีก็ต้องมี โดยวางช่วงเวลาไว้ 3 ระยะ คือระหว่างปี 2560-2566, 2564-2569, และ2565-2570 เป็นการใช้จ่ายเงินในวงเงิน 3.6 หมื่นล้านบาท และเป็นราคามิตรภาพ ปกติเรือดำน้ำ ราคาลำละ 1.8 หมื่นล้านบาท แต่เท่าที่พูดคุยวงเงิน 3.6 หมื่นล้านบาทซื้อได้ถึง 3 ลำ เหมือนกับซื้อ 2 ลำ แถม 1 ลำ รวมถึงระบบอาวุธด้วยพร้อม ถามผมว่าผมอยากซื้อของประเทศอื่นไหม ผมก็อยากซื้ออาจจะดูดี ชื่อเสียงดี คุณภาพดีกว่า 3 เท่า แล้วจะซื้อได้หรือไม่ ทั้ง ๆ ที่ก็ดำน้ำได้เหมือนกัน คนก็ปลอดภัย มันก็มีวิธีการที่จะต้องคิดใหม่ ในการจัดซื้อจัดหาจำเป็นก็ต้องทำ ถ้าไม่จำเป็นจะไปทำให้เมื่อยและถูกตำหนิทำไม ไม่ซื้อก็ไม่ต้องซื้อ ไม่ทำก็อย่าทำ เดี๋ยวก็หมดเวลา เลิกกลับบ้านนอน ไม่ดีกว่าหรือจะมานั่งทะเลาะกับสื่อทำไม ขอร้องให้ดูถึงความตั้งใจของรัฐบาล ทุกคนอยากจะทำให้ดีที่สุด สถานการณ์แบบนี้ไม่มีใครเข้ามาเพื่อกอบโกย เว้นแต่พวกที่ชอบแอบอ้างก็ต้องไปหามา""

พล.อ.ประยุทธ์ จันทร์โอชา, 28 มี.ค.60
นายกรัฐมนตรีและหัวหน้าคณะรักษาความสงบแห่งชาติ (คสช.) กล่าวถึงการจัดซื้อเรือดำน้ำ
ที่มา http://www.matichon.co.th/news/511226",Timeline Photos,photo,https://www.facebook.com/quoteV2/photos/a.512068612228383.1073741830.511585615610016/1083759355059303/?type=3,2017-04-03 05:58:44,2305,249,176,1442,5,31,675,21,132
511585615610016_1083515551750350,"""#ข้อมูลจากประชาไท

2547 มีความต้องการทหารกองประจำการ 80,345 นาย

2548 มีความต้องการทหารกองประจำการ 85,44 นาย

2549 มีความต้องการทหารกองประจำการ 81,090 นาย

2550 มีความต้องการทหารกองประจำการ 81,701 นาย

2551 มีความต้องการทหารกองประจำการ 85,760 นาย

2552 มีความต้องการทหารกองประจำการ 87,041 นาย

2553 มีความต้องการทหารกองประจำการ 87,452 นาย

2554 มีความต้องการทหารกองประจำการ 97,280 นาย

2555 มีความต้องการทหารกองประจำการ103,555 นาย

2556 มีความต้องการทหารกองประจำการ 94,480 นาย

2557 มีความต้องการทหารกองประจำการ 100,865 นาย

2558 มีความต้องการทหารกองประจำการ 99,373 นาย

2559 มีความต้องการทหารกองประจำการ 101,307 นาย

2560 มีความต้องการทหารกองประจำการ 103,097 นาย"" 

#มิตรสหายท่านหนึ่ง",,status,,2017-04-02 21:37:53,2107,92,207,1794,1,90,177,23,22
511585615610016_1083034895131749,"""...ฝากสื่อช่วยแจ้งลูกค้า เจ้ามือถูกจับ ทุกอย่างถือเป็นโมฆะ""",ตำรวจ ทหาร บุกจับเจ้ามือหวยเถื่อน ขณะนั่งรับโพยรับแทงโปรแกรมไลน์คาบ้าน,link,https://www.khaosod.co.th/around-thailand/news_280716,2017-04-02 08:09:01,1842,42,54,1433,5,20,380,3,1
511585615610016_1082869628481609,"""ส่งตัวรับใช้นาย ตัดหญ้าที่ขวางทางเดินนาย
กำจัดปลวกสู่ความตาย
ชื่อเสียงกองร้อยเลื่องลือ
ตัดหญ้าผ่านไป ขุดสวน รดน้ำ ค่อยๆผ่านไป
หลงผิดคิดภาคภูมิใจ ก่อนเดินเข้าเวรคืนนี้

นี่คือครั้งนึงที่ภูมิใจ
ว่าฉันยังมี ประยุทธ์....
ก๊อบมาจากเม้นท์หนึ่งในเพจไข่แมว""

#มิตรสหายท่านหนึ่ง",,status,,2017-04-02 03:28:32,3799,50,202,3110,7,27,644,11,0
511585615610016_1082851351816770,"""นี่สิ พระรอดของจริง"" #มิตรสหายท่านหนึ่ง 

ที่มา https://youtu.be/9mu0PN-93NE",Timeline Photos,photo,https://www.facebook.com/quoteV2/photos/a.512068612228383.1073741830.511585615610016/1082851351816770/?type=3,2017-04-02 02:57:25,3084,15,49,2654,2,17,411,0,0
511585615610016_1082818528486719,"""ขนลุกเลยค่ะ""",ดงผู้ดี V.2,photo,https://www.facebook.com/thainobilityV2/photos/a.1489382461324846.1073741827.1489381561324936/1829594023970353/?type=3,2017-04-02 01:47:09,3831,191,0,2401,12,42,1360,14,2
511585615610016_1082756815159557,"""ดูก่อน อานนท์""",Aunnism,photo,https://www.facebook.com/aunnism/photos/a.1660708574259696.1073741827.1659749927688894/1747147295615823/?type=3,2017-04-01 23:49:56,4270,122,0,3376,14,28,839,6,7
511585615610016_1082449358523636,"""ถ้ามีจัดสอบให้ท่านสมาชิกสนช. มาตอบข้อสอบว่า ใจความของร่างกฎหมายแต่ละฉบับที่โหวตๆ ไปคืออะไร สนช.น่าจะสอบตกกันเป็นแถว

หรือแม้ถามแค่ว่า โหวตฉบับไหนไปบ้าง นี่ก็อาจจะตอบไม่ได้เหมือนกัน""

ิ#มิตรสหายท่านหนึ่ง",,status,,2017-04-01 14:57:44,1525,23,37,1325,2,8,182,5,3
511585615610016_1082211621880743,เรณู หมดราศี ญาติของผู้เสียชีวิต เดินทางเข้าร้องเรียนกับ พล.ต.วิชัย ทัศนมณเฑียร ผู้บัญชาการมณฑลทหารบกที่ 45 สุราษฎร์ธานี เพื่อตั้งคณะกรรมการสอบสวน ก่อนประสาน พ.ต.อ.ศิริชัย ทรงวสิน ผกก.สภ.เมืองสุราษฎร์ธานีเข้าตรวจสอบที่เกิดเหตุ พร้อมให้ความเป็นธรรมแก่ทั้งสองฝ่าย โดยทหารจะไม่เข้าไปยุ่งเรื่องคดีความ และจะให้ความร่วมมือกับทุกฝ่าย,ทหารเกณฑ์ถูกซ้อมเสียชีวิตในค่ายอีก 1 ศพ ผู้เห็นเหตุการณ์ระบุก่อนหน้านี้ถูกสั่งขังเพราะ,link,http://www.prachatai.org/journal/2017/04/70855,2017-04-01 09:21:17,1925,47,182,1602,1,6,5,178,133
511585615610016_1082083235226915,"""ทางออกประเทศไทย"" #มิตรสหายท่านหนึ่ง",k60.kn3.net,link,https://k60.kn3.net/taringa/8/F/6/5/7/9/5C9.gif,2017-04-01 06:09:54,5678,100,800,4432,17,39,1184,6,0
511585615610016_1082065348562037,,ขอบสนาม,photo,https://www.facebook.com/khobsanam/photos/a.386463721541518.1073741829.380377805483443/700371626817391/?type=3,2017-04-01 05:38:57,1100,32,0,1020,24,14,36,4,2
511585615610016_1081529518615620,"""เด๋ว""",บิ๊กตู่ ห่วง ชอบเขียน'เดี๋ยว' เป็น 'เด๋ว' ส่งกันทางไลน์ หวั่นเด็กสอบตก สั่ง ศธ.ไปทบทวน,link,http://www.matichon.co.th/news/514409,2017-03-31 13:52:21,1555,111,74,1208,4,12,327,3,1
511585615610016_1081429555292283,"""พี่จาแร็พ"" #มิตรสหายท่านหนึ่ง",ลุยเฮลุย (GROUNDBREAKING) - TONY JAA (จาพนม)【OFFICIAL MV】,video,https://youtu.be/11GCTbmd4Fg,2017-03-31 11:12:52,618,26,24,578,4,15,21,0,0
511585615610016_1081346178633954,,BREAKING : ซิโก้ประกาศยุติบทบาทเฮดโค้ชช้างศึก - Goal.com,link,http://bit.ly/2oiysKN,2017-03-31 09:26:52,1001,47,14,875,5,5,39,75,2
511585615610016_1081240868644485,"มีการจ้างบริษัทมาเก็บขยะทั้งเช้าทั้งเย็น แต่ก็จนปัญญาจริงๆ นอกจากพบหนูแล้วยังพบตัวเงินตัวทอง ซึ่งเราทำอะไรไม่ได้เนื่องจากเป็นสัตว์สงวน ทำได้เพียงดูแลเรื่องรักษาความสะอาดเท่านั้น

สรศักดิ์ เพียรเวช, 31 มี.ค.60
เลขาธิการสภาผู้แทนราษฎร ให้สัมภาษณ์ว่า สำนักงานเขตดุสิตมาตรวจสอบแล้วทราบว่ามีหนูจริง 
ที่มา : เลขาสภาฯ รับ ไม่ใช่แค่หนู 'ตัวเหี้ยก็เยอะ' ทำไรไม่ได้ เป็นสัตว์สงวน http://www.matichon.co.th/news/514699",Timeline Photos,photo,https://www.facebook.com/quoteV2/photos/a.512068612228383.1073741830.511585615610016/1081240868644485/?type=3,2017-03-31 06:39:45,2715,116,124,1841,6,40,814,9,5
511585615610016_1080581395377099,"""ถ้าเราจับฉลากคนมาเป็นทหาร เราก็จะมีคนมาเป็นทหารเพียงหยิบมือเดียว แต่ถ้าเราจับคนที่เม้นสนับสนุนเกณฑ์ทหารตามเพจข่าวต่างๆมาเป็นทหาร เราก็จะมีทหารมากพอที่จะยึดครองโลกได้ค่ะ""

Tripop Leelasestaporn, 23 มี.ค.60
ที่มา : https://www.facebook.com/porpor.leelasestaporn/posts/10208453315440801

แนะนำโดยมิตรสหายท่านหนึ่ง",Timeline Photos,photo,https://www.facebook.com/quoteV2/photos/a.512068612228383.1073741830.511585615610016/1080581395377099/?type=3,2017-03-30 11:00:21,6922,126,714,5477,137,26,1280,0,2
511585615610016_1080465932055312,"""คนที่ออกมาเรียกร้องเป็นคนที่เรียกร้องให้รัฐประหาร  เป็นเพื่อนเราทั้งสิ้น""

พล.อ.สกนธ์ สัจจานิตย์, 30 มี.ค.60
ประธานกรรมาธิการพลังงานได้ชี้แจงถึงการบัญญัติการจัดตั้ง ""บรรษัทน้ำมันแห่งชาติ"" ตอนหนึ่งของการพิจารณาร่าง พ.ร.บ.ปิโตรเลียม  โดยสภานิติบัญญัติแห่งชาติ 
ที่มา : ""บรรษัทน้ำมันแห่งชาติ - รัฐประหาร"" ใครเพื่อนใคร!!?? http://www.komchadluek.net/news/politic/268583",Timeline Photos,photo,https://www.facebook.com/quoteV2/photos/a.512068612228383.1073741830.511585615610016/1080465932055312/?type=3,2017-03-30 07:47:01,1539,61,69,982,3,29,375,11,139
511585615610016_1080420765393162,"องค์ประชุมจะเป็นปัญหาเมื่อมีการนับ 

่ที่ว่าไม่ครบเป็นการดูด้วยสายตา แต่เมื่อใดต้องท้ากันให้โหวต ประธานที่ประชุมจะกดออดเรียกองค์ประชุมตามข้อบังคับ คนที่อยู่นอกห้องประชุมจะกลับเข้ามาในห้อง ดังนั้น องค์ประชุมครบหรือไม่ครบระหว่างการแถลงปิดคดีจึงไม่มีผล เพราะองค์ประชุมจะเป็นปัญหาเมื่อมีการนับ การที่นายสุรพงษ์ท้วงประเด็นนี้จึงไม่มีผลอะไรต่อกระบวนการถอดถอน

- วิษณุ เครืองาม รองนายกรัฐมนตรี กล่าวถึงกรณีนายสุรพงษ์ โตวิจักษณ์ชัยกุล อดีตรัฐมนตรีว่าการกระทรวงการต่างประเทศ เสนอให้นับองค์ประชุมสนช. ระหว่างการแถลงปิดคดีคืนหนังสือเดินทางให้นายทักษิณ ชินวัตร อดีตนายกรัฐมนตรี โดยมิชอบ","""วิษณุ"" ชี้ ""ปึ้ง"" ขอนับองค์ประชุมไม่มีผลต่อถอดถอน ชี้ ปัญหาจะเกิดเมื่อมีการนับ",link,http://www.matichon.co.th/news/513509,2017-03-30 06:24:41,1830,195,183,1214,5,20,397,13,181
511585615610016_1080335778734994,"""ผมเป็นผู้สติปัญญาน้อย แต่ต้องการที่จะขับเคลื่อนเท่านั้นเองนะ""

พล.อ.ประยุทธ์ จันทร์โอชา, 30 มี.ค.60 
นายกรัฐมนตรีและหัวหน้า คสช. เป็นประธานพิธีลงนามบันทึกข้อตกลงความร่วมมือ""การบูรณาการเพื่อการพัฒนาคนตลอดช่วงชีวิตสำหรับกลุ่มเด็กปฐมวัยและผู้สูงอายุ"" ระหว่าง 4 กระทรวง
ที่มา : 'ประยุทธ์' ระบุมีสติปัญญาน้อย แต่ตั้งใจทำเพื่อประเทศ http://news.voicetv.co.th/thailand/475701.html",Timeline Photos,photo,https://www.facebook.com/quoteV2/photos/a.512068612228383.1073741830.511585615610016/1080335778734994/?type=3,2017-03-30 03:21:58,2322,232,165,1482,10,25,684,92,29
511585615610016_1080315908736981,"""ไม่ถึง 50 คนด้วยครับท่านประธาน"" - สุรพงษ์ โตวิจักขณ์ชัยกุล, 29 มี.ค.60",Timeline Photos,photo,https://www.facebook.com/quoteV2/photos/a.512068612228383.1073741830.511585615610016/1080315908736981/?type=3,2017-03-30 02:36:05,8231,230,1195,6503,12,143,1450,51,72
511585615610016_1080270098741562,"""Marvel VS. DC Characters""",Marvel VS. DC Characters,link,http://9gag.com/gag/aG1Ev8Z?ref=fbp,2017-03-30 00:46:56,745,10,32,712,3,4,25,0,1
511585615610016_1080004512101454,"""ไม่ถึง 50 คนด้วยครับท่านประธาน และเมื่อกี้ขณะที่ผมนั่งฟังการชี้แจงของ ป.ป.ช.ท่านสมาชิกก็หิวกระเป๋าเดินออกไป 3-4 คน""

สุรพงษ์ โตวิจักขณ์ชัยกุล, 29 มี.ค.60
เรียกร้องให้มีการนับองค์ประชุมของ สนช.

""ผู้แถลงมีหน้าที่แถลงปิดคดีเท่านั้น ท่านไม่มีสิทธิใดๆ""
มหรรณพ เดชวิทักษ์, 29 มี.ค.60
สมาชิกสภานิติบัญญัติแห่งชาติ (สนช.)

ที่มา : สนช.เหวอมาประชุมน้อย เจอ 'สุรพงษ์'ขอนับองค์ประชุม รีบปัดกันวุ่น http://news.voicetv.co.th/thailand/475452.html

อนึ่งเรื่องการทำหน้าที่ของสนช.ถูกวิพากษ์วิจารณ์เรื่องของการทำหน้าที่โดยก่อนหน้านี้มีสมาชิกสนช. 7 คน รวมไปถึงพล.อ.ปรีชา จันทร์โอชา อดีตปลัดกระทรวงกลาโหม ที่ขาดประชุมอย่างต่อเนื่องจนเป็นที่ตั้งคำถามของสังคมอีกด้วย",Timeline Photos,photo,https://www.facebook.com/quoteV2/photos/a.512068612228383.1073741830.511585615610016/1080004512101454/?type=3,2017-03-29 19:00:00,6085,298,967,4547,13,56,948,69,452
511585615610016_1079997978768774,"""แต่ถ้าวันนี้จะมีลูกเพื่อชาติ ใครที่เราพอจะพึ่งพาได้บ้าง ?"" - Backpack Journalist",Backpack Journalist,video,https://www.facebook.com/BackpackJournalistTPBS/videos/1953544961542116/,2017-03-29 18:32:07,358,26,0,319,2,6,27,4,0
511585615610016_1079808725454366,"""เข้ามาฟังแค่ 50 คน แต่มีมติ 149 เสียง"" #มิตรสหายท่านหนึ่ง","สนช.เหวอ เจอ""ปึ้ง""โชว์เก๋า เสนอนับองค์ประชุม สมาชิกโต้วุ่น สุดท้ายไม่ให้นับ",link,http://www.matichon.co.th/news/512532,2017-03-29 08:49:10,7354,211,726,5756,11,123,1338,47,79
511585615610016_1079635178805054,"""แต่มีเรื่องที่น่าเสียใจที่มีหนังสือพิมพ์ฉบับหนึ่งชื่อว่ามติชน นำเอาสิ่งที่ผมชี้แจงในวันนั้น ซึ่งจริงๆแล้วเป็นความปรารถนาดีของรัฐบาลที่อยากจะลดอุบัติเหตุทางถนนลง ต้องการลดความสูญเสียของพี่น้องประชาชน อยากให้ประชาชนปลอดภัย ได้นำความปรารถนาดีนี้ไปสร้างให้ดูเป็นเรื่องตลก โดยหยิบเอาผมเป็นตัวละคร โดยไปทำคำคมมา และลงในหนังสือ และวันนี้ผมต้องนั่งตอบเพื่อนทุกๆคนที่ส่งไลน์เข้ามาถามว่าจริงหรือไม่จริง ที่จำเป็นต้องตอบด้วยเหตุผลสองประการคือ หนึ่งยืนยันว่ารัฐบาลมีเจตนาดีที่จะลดความสูญเสียของประชาชน และอีกประการคือ ถ้าไม่ชี้แจงตัวเองก็จะดูเป็นคนโง่เง่าเต่าตุ่น เป็นคนเสร่อ""

 พล.ท.สรรเสริญ แก้วกำเนิด, 28 มี.ค.60
โฆษกประจำสำนักนายกรัฐมนตรี แถลงผลการประชุมครม. ว่า เมื่อสุดสัปดาห์ที่ผ่านมาตนได้ชี้แจงข่าวภายหลังจากที่ได้ร่วมหารือกับอธิบดีกรมการขนส่ง รองอธิบดีกรมการขนส่ง อธิบดีป้องกันและบรรเทาสาธารณภัย (ปภ.) ผู้ช่วยรองผบ.ตร. ผบก.ทางหลวง ถึงกรณีคำสั่งคสช.ที่ 14,15 เรื่องม.44 มาตรการเพิ่มความปลอดภัยในรถโดยสารและการบังคับใช้กฎหมายจราจรทางบก
ที่มา : ""ไก่อู"" โวยโดนตัดคำพูด 'ถังน้ำอยู่ท้ายกระบะ แต่คนนั่งคาดเข็มขัดในรถ' แล้วจะสาดน้ำอย่างไร https://www.khaosod.co.th/politics/news_273662",Timeline Photos,photo,https://www.facebook.com/quoteV2/photos/a.512068612228383.1073741830.511585615610016/1079635178805054/?type=3,2017-03-29 02:21:42,1868,248,135,1173,5,18,667,5,0
511585615610016_1079496498818922,"""ตอนแรกก็มีด ต่อมาก็ระเบิด คราวนี้บอกจะยิง ผมว่าถ้าแถลงข่าวกันอีก อาจบอกว่าชัยภูมิใช้ฮาคิราชันย์ ไม่ก็โยงเครือข่ายโกตี๋ก็ได้ละครับ"" #มิตรสหายท่านหนึ่ง",ผบ.ตร.แจงถ้าจนท.ไม่ยิง 'ชัยภูมิ' เขาก็คงยิงจนท. ชี้ได้รับข่าวว่าค้ายาจริง,link,http://news.voicetv.co.th/thailand/475077.html,2017-03-28 21:25:02,3699,142,198,2948,7,24,488,39,193
511585615610016_1079295215505717,"ส่งกรานต์ปีนี้ทางเจ้าหน้าที่ไม่ได้ห้ามนำโอ่ง หรือถังน้ำ ขึ้นท้ายรถกระบะ สามารถนำขึ้นได้ตามปกติ แต่จะต้องไม่มีคนไปนั่ง หรือยืนอยู่ท้ายรถ หากพบก็จะต้องถูกเจ้าหน้าที่ตำรวจจับปรับแน่นอน โดยจะต้องนั่งรัดเข็มขัดนิรภัยอยู่ภายในห้องโดยสารเท่านั้น

พล.ท.สรรเสริญ แก้วกำเนิด, 24 มี.ค.60
โฆษกประจำสำนักนายกรัฐมนตรี
ที่มา : ดีเดย์ 5 เม.ย.ต้องรัดเข็มขัดในรถฝ่าฝืนปรับ 500-1,000 สงกรานต์เอาโอ่ง ถังน้ำ ขึ้นท้ายกระบะได้ แต่ห้ามคนนั่ง http://www.matichon.co.th/news/506907",Timeline Photos,photo,https://www.facebook.com/quoteV2/photos/a.512068612228383.1073741830.511585615610016/1079295215505717/?type=3,2017-03-28 19:00:00,1217,101,73,748,4,12,409,3,41
511585615610016_1079313428837229,"""กำลังพลเหล่านี้เป็นกำลังพลที่มีสถานะเป็นนายทหารชั้นสัญญาบัตรกองหนุน หรือ รด. ปี 5, ทหารประเภทกองหนุนที่ 1 หรือ รด.ปี 3 นายทหารที่ปลดประจำการแล้ว รวมทั้งทหารกองหนุนประเภทที่สอง ถึงพวกที่จับใบดำในแต่ละปีเท่านั้น ซึ่งยอดรวมมีประมาณ 70,000 คน คิดเป็น 1 - 2 เปอร์เซ็นต์ของกำลังพลสำรองทั้งหมดเท่านั้น""

พล.ต.คงชีพ ตันตระวาณิชย์, 28 มี.ค.60
โฆษกกลาโหม กล่าว พร้อมยัน ""พ.ร.บ.กำลังสำรอง"" ไม่ใช่การสร้างกองกำลังทางอำนาจใหม่ของกลาโหม เรียกชายไทย อายุไม่เกิน 45 ปี ไม่ใช่ 60 ปี ฝึกแค่ 10 วัน ไม่ใช่ 2 เดือน ขณะที่ผู้ที่เรียนจบ รด. ปี 5 ปี 3 ทหารที่ปลดกองประจำการแล้ว จะโทรเรียกเข้ามาเพื่อขึ้นบัญชี และเข้ามาทำการรับรู้รับทราบถึงบัญชีบรรจุกำลังในหน่วยที่ตนสังกัด เตือนพวกบิดเบือนอาจโดน พ.ร.บ.คอมฯ 
http://prachatai.org/journal/2017/03/70797",กลาโหมยันพ.ร.บ.กำลังสำรอง เรียกไม่เกิน 45 ปี ฝึกแค่ 10 วัน เตือนพวกบิดเบือนเจอ พ.ร.บ.คอมฯ,link,http://prachatai.org/journal/2017/03/70797,2017-03-28 14:43:18,932,95,98,723,1,32,148,8,20
511585615610016_1079090382192867,"""7 นัด 1 คะแนน
ได้ขยายสัญญา""

#มิตรสหายท่านหนึ่ง",โค้ชยูเออีประกาศลาออกหลังเก็บได้แค่ 9 แต้มจาก 7 นัดคัดบอลโลก,link,http://www.fourfourtwo.com/th/news/okhchyuueiiprakaaslaakhlangekbaidaekh-9-aetmcchaak-7-nadkhadblolk,2017-03-28 08:29:55,2429,93,80,1982,5,25,410,6,1
511585615610016_1079038242198081,เป็นตุ๊กตายางที่มีคนมาทิ้งไว้ข้างทาง #จบข่าว,คนขับแบ็กโฮสุดช็อก ตักเจอร่างจากคลอง แจ้งจนท.ตรวจสุดท้ายช็อกยิ่งกว่า!,link,https://www.khaosod.co.th/monitor-news/news_273661,2017-03-28 07:08:52,2050,50,46,1671,4,35,333,4,3
511585615610016_1079036288864943,"ขอร้องแล้วกัน โดยระบบเศรษฐกิจจะดีขึ้น ด้วยเศรษฐกิจขนาดใหญ่ การลงทุนในประเทศ การลงทุนในต่างประเทศ ต่างประเทศมาลงทุนในไทย คนไทยลงทุนในประเทศไทย และไปลงทุนต่างประเทศนี้คือระบบการค้าเสรี เราต้องส่งเสริมแบบนี้ ทั้งหมดคือเงินที่กลับมาบ้านเรา คือเงินภาษีที่กลับมาเลี้ยงดูประเทศ มาพัฒนาประเทศ ถ้าไม่มีหาวิธีการหาเงิน ประเทศเราจะเสียหายไปเรื่อยๆ เพราะมีแต่ใช้เงิน ใช้แล้วหายไปเฉยๆ อย่างภัยพิบัติ ปีหน้าก็กลับมาใหม่ ไม่มีอะไรเป็นถาวรวัตถุเกิดขึ้น หรือสร้างแล้วใช้ประโยชน์ไม่ได้ เราต้องกลับมาทบทวนใหม่ เราอยากได้แต่ต้องคำนึงสิ่งที่เราจะได้รับกับสิ่งที่เราจะทำด้วย และรัฐบาลต้องกลั่นกรองตรงนี้

พล.อ.ประยุทธ์ จันทร์โอชา, 27 มี.ค.60
ที่มา : นายกฯ ลั่น รัฐบาลนี้ไม่ทำอะไรผิดกฎหมาย ชี้ มีวิธีหาเงิน ไม่ทำประเทศเสียหาย http://www.matichon.co.th/news/509706",Timeline Photos,photo,https://www.facebook.com/quoteV2/photos/a.512068612228383.1073741830.511585615610016/1079036288864943/?type=3,2017-03-28 07:05:43,2455,238,222,1552,5,30,675,17,176
511585615610016_1078956528872919,"""ngoและสืีอ ขี้ข้าต่างชาติและนักการเมืองบางคน ที่โหมกระหน่ำใส่รัฐบาลจะว่ายังไง
หรือว่าเป็นแก๊งเดียวกัน""

- ไพศาล พืชมงคล, 28 มี.ค.60 เวลา 12.03 น

เมื่อมีคนตั้งประเด็นแย้ง : 

""รอสสอบกันก่อนไม่ดีกว่าที่จะไม่ปักใจเชื่อทางใดทางหนึ่งเดี๋ยวนี้""
- ไพศาล พืชมงคล, 28 มี.ค.60 เวลา 12.48 น
ที่มา : https://www.facebook.com/Paisal.Fanpage/posts/1242494179182585",Timeline Photos,photo,https://www.facebook.com/quoteV2/photos/a.512068612228383.1073741830.511585615610016/1078956528872919/?type=3,2017-03-28 04:33:38,900,40,27,612,0,12,197,5,74
511585615610016_1078933498875222,"ยืนยันว่ากรณีดังกล่าวเป็นการตั้งด่านตามปกติ สามารถตรวจสอบได้จากกล้องวงจรปิด CCTV อีกทั้งสถานที่ตั้งด่านเป็นที่แจ้ง ไม่ได้ลึกลับ ยืนยันว่าเจ้าหน้าที่ไม่มีอาวุธ เมื่อเจ้าหน้าที่พบรถเป้าหมายก็ไปตรวจค้นธรรมดา แต่มีพิรุธ จึงเชิญตัวออกมา จากนั้นก็ตรวจค้นรถอย่างละเอียด จนไปเจอแหล่งซ่อนยาเสพติด ขณะที่นายพงศ์นัย แสงตะล้า ที่ถูกกักตัวโดยเจ้าพนักงานของรัฐ ไม่ทราบว่ารถมียาเสพติด แต่ตัวผู้เสียชีวิต ทราบว่ามียาเสพติดจึงวิ่งหนี ก่อนเตรียมหันมาจะขว้างระเบิด แต่เจ้าหน้าที่จึงยิงป้องกันตัว1 นัด

พล.ท.วิจักขฐ์ สิริบรรสพ, 23 มี.ค.60
แม่ทัพภาคที่ 3
ที่มา : อึ้ง!!?? ""ถ้าเป็นผมอาจกดออโต้ไปแล้ว"" แม่ทัพภาค 3 http://www.komchadluek.net/news/regional/267050
-----

ขณะนี้กำลังอยู่ระหว่างการตรวจสอบดำเนินการ

พล.ต.จิรเดช กมลเพ็ชร, 25 มี.ค.60
ผบ.กกล.ผาเมือง ตอบคำถามผู้สื่อข่าวกรณีกล้องวงจรปิดที่หลายฝ่ายตั้งข้อสังเกต และเรียกร้องให้เปิดเผยกล้องวงจรปิดออกมา
ที่มา :  'กองกำลังผาเมือง'แถลงคดีวิสามัญ 'ชัยภูมิ ป่าแส' http://www.bangkokbiznews.com/news/detail/747115
-----

ภาพจากกล้องวงจรปิดทางกองทัพภาคที่ 3 ได้ส่งมอบให้แก่เจ้าหน้าที่ตำรวจเพื่อใช้เป็นพยานในชั้นศาลเรียบร้อยแล้วจึงไม่สามารถนำมาเผยแพร่ได้ ต้องให้ศาลเป็นผู้อนุญาตว่าจะเผยแพร่ได้หรือไม่ เพราะต้องใช้ในการต่อสู้ชั้นศาล อีกทั้งขณะนี้ตำรวจเป็นโจทก์ยื่นฟ้องคดี ยืนยันว่าทางกองทัพไม่เคยปิดบัง แต่ต้องขึ้นกับตำรวจและศาลว่าจะอนุญาตให้เผยแพร่หรือไม่ 

พล.ท.วิจักขฐ์ สิริบรรสพ, 27 มี.ค.60 
แม่ทัพภาคที่ 3
ที่มา : มทภ.3 โยนศาลอนุญาตเผยภาพนาทีสังหารหนุ่มลาหู่หรือไม่ บอกใครเจอแบบนั้นก็ต้องยิง http://www.manager.co.th/Politics/ViewNews.aspx?NewsID=9600000031196",Timeline Photos,photo,https://www.facebook.com/quoteV2/photos/a.512068612228383.1073741830.511585615610016/1078933498875222/?type=3,2017-03-28 03:44:34,1535,63,73,1034,4,18,271,22,186
511585615610016_1078517295583509,"""วันนี้ใครอยากจะด่ารัฐบาลก็ด่าไป ผมก็ไม่ขอรับอะไรทั้งสิ้น เพราะผมไม่ได้ทำ ส่วนไอ้คนด่าก็คงปวดท้องวันนี้ขอว่าอย่าทำให้สังคมเสียหายและอย่าทำให้ต่างประเทศเข้าใจผิดเมื่อเขาไม่เข้าใจเราหรือเข้าใจผิดเขาก็ไม่มา เขาก็ไม่ซื้อสินค้าเรา ผมขอถามว่าผมไปละเมิดสิทธิมนุษยชนตรงไหน ก็มีแต่บางคนเท่านั้นที่จะต่อต้านผมในต่างประเทศ ก็มีแต่คนไทยที่ไปพูดให้ประเทศเสียหายในต่างประเทศ ขอถามจริงๆว่าทำเพื่ออะไร เดี๋ยวผมก็ไปแล้วถึงเวลาเราก็ต้องไป แล้วจะทำไปทำไม ทำแล้วคิดว่าไล่ผมได้หรือ ทำแล้วคิดว่าผมจะไปหรือ ยิ่งทำก็ยิ่งอยู่ เอาให้รู้เรื่องกันไปเลย อยากรู้จริงๆ ว่าพวกคุณทำไปทำไม""

พล.อ.ประยุทธ์ จันทร์โอชา, 27 มี.ค.60
นายกรัฐมนตรีและหัวหน้าคณะรักษาความสงบแห่งชาติ (คสช.) 
ที่มา : ประยุทธ์ แช่งคนต่างประเทศจ้องด่า ขอให้ปวดท้อง ลั่น ยิ่งไล่ยิ่งอยู่เอาให้รู้กันไป!! http://www.matichon.co.th/news/509909",Timeline Photos,photo,https://www.facebook.com/quoteV2/photos/a.512068612228383.1073741830.511585615610016/1078517295583509/?type=3,2017-03-27 19:00:00,5133,529,794,3175,13,94,1303,60,488
511585615610016_1078510278917544,"""วันนี้ใครอยากจะด่ารัฐบาลก็ด่าไป ผมก็ไม่ขอรับอะไรทั้งสิ้น เพราะผมไม่ได้ทำ ส่วนไอ้คนด่าก็คงปวดท้อง วันนี้ขอว่าอย่าทำให้สังคมเสียหายและอย่าทำให้ต่างประเทศเข้าใจผิดเมื่อเขาไม่เข้าใจเราหรือเข้าใจผิดเขาก็ไม่มา เขาก็ไม่ซื้อสินค้าเรา""
 
พล.อ.ประยุทธ์ จันทร์โอชา, 27 มี.ค.60
นายกรัฐมนตรีและหัวหน้าคณะรักษาความสงบแห่งชาติ (คสช.) 
ที่มา : ประยุทธ์ แช่งคนต่างประเทศจ้องด่า ขอให้ปวดท้อง ลั่น ยิ่งไล่ยิ่งอยู่เอาให้รู้กันไป!! http://www.matichon.co.th/news/509909",Timeline Photos,photo,https://www.facebook.com/quoteV2/photos/a.512068612228383.1073741830.511585615610016/1078510278917544/?type=3,2017-03-27 12:55:19,3112,176,195,1958,10,53,964,10,117
511585615610016_1078365772265328,"ภาพจากกล้องวงจรปิดทางกองทัพได้ส่งมอบให้กับตำรวจเพื่อใช้เป็นพยานในชั้นศาลเรียบร้อยแล้ว จึงไม่สามารถนำมาเผยแพร่ได้ ต้องให้ศาลเป็นผู้อนุญาตว่าจะเผยแพร่ได้หรือไม่ เพราะต้องใช้ในการต่อสู้ชั้นศาล  ทางกองทัพไม่เคยปิดบัง 

พล.ท.วิจักขฐ์  สิริบรรสพ, 27 มี.ค.60
แม่ทัพภาคที่ 3 กล่าวถึงการเผยแพร่ภาพกล้องวงจรปิดกรณีวิสามัญฯ 'ชัยภูมิ ป่าแส' 
ที่มา : พล.อ.ประวิตร ไม่วิจารณ์คำพูดแม่ทัพภาคที่ 3 ชี้ต่างความคิด http://www.tnamcot.com/view/58d8c8e2e3f8e421ed80908b",Timeline Photos,photo,https://www.facebook.com/quoteV2/photos/a.512068612228383.1073741830.511585615610016/1078365772265328/?type=3,2017-03-27 08:54:26,1680,114,98,1019,2,27,398,18,216
511585615610016_1078250508943521,"""เปิดวงจรปิด มันยาก  ...   ปิดช่องเสียเลย ง่ายกว่า"" #มิตรหายท่านหนึ่ง",ไข่แมว,photo,https://www.facebook.com/cartooneggcat/photos/a.136226233446771.1073741828.136187606783967/330082387394487/?type=3,2017-03-27 05:31:19,6157,62,0,5095,6,35,621,87,313
511585615610016_1077693085665930,"""ถ้าคิดจะยิงใคร ต้องยิงแม่งให้ตาย ถ้าแม่งไม่ตาย เราตาย""

หมู่เชียร 
กล่าวกับแดง ไบเลย์ ใน 2499 อันธพาลครองเมือง https://www.youtube.com/watch?v=vj1ZXB3Cpf8",Movie Quote 4,photo,https://www.facebook.com/quoteV2/photos/a.562759163825994.1073741856.511585615610016/1077693085665930/?type=3,2017-03-26 11:21:07,4516,74,207,4158,54,30,264,8,2
511585615610016_1077407522361153,"""น้อง ๆ ถามพี่โจวมามากเหลือเกินว่าเอ๊ะพี่โจวอยากจะลองคราฟท์เบียร์ที่มีกลิ่นฮอบหอมอ่อน ๆ หรือฉุน ๆ ไปเลยนะ พี่โจวบอกตรง ๆ เลยว่าพี่โจวอยากลองตัวเนร้มากกว่าอ่ะครับ สีสันทางบอมเบย์แซฟไฟร์เหมือนกัน"" - พี่โจว บ.ก.สำนักสื่อสาธารณะหมูหลุม",สำนักสื่อสาธารณะหมูหลุม,link,http://prachatai.org/journal/2017/03/70758,2017-03-26 04:36:58,399,22,0,328,1,11,59,0,0
511585615610016_1077366382365267,"""พลังพิเศษของนายคือ..""",giphy.com,link,http://giphy.com/gifs/11NmMRMRUKmeqc,2017-03-26 03:16:07,1972,34,175,1670,16,5,281,0,0
511585615610016_1077332792368626,"""ส่วนประวัติเจ้าหน้าที่ที่ใช้อาวุธยิง พลทหารสุรศักดิ์ รัตนวรรณ อายุ 22 ปี ตำแหน่งในสนามคือ พลปืนเล็ก ประจำที่บ้านรินหลวง สังกัดกองพันทหารม้าที่ 24 รักษาพระองค์ สระบุรี ภูมิลำเนาเดิม อ.ลำปลายมาศ จ.บุรีรัมย์ ครอบครัวค่อนข้างยากจน การศึกษามัธยมศึกษาปีที่ 3 และไม่ได้เรียนต่อเพราะต้องดูแลครอบครัว สมัครเป็นทหารเมื่ออายุ  21 ปี ความประพฤติดีและมีความตั้งใจที่จะปฏิบัติหน้าที่ ส่วนหนึ่งคือเขาสมัครที่จะขึ้นมาทำหน้าที่รับใช้ประเทศชาติที่จังหวัดเชียงใหม่ซึ่งห่างไกลจากบ้านเขามานับพันกิโลเมตร ต้องจากครอบครัวมาระยะเวลานานเพื่อมาปฏิบัติหน้าที่""

พล.ต.จิรเดช กมลเพ็ชร, 25 มี.ค.60
ผบ.กกล.ผาเมืองกล่าวถึง พลทหารที่ยิงชัยภูมิ
ที่มา : ทหารแจงยิบคดี""ชัยภูมิ ป่าแส""ยันพลทหารที่ยิงเป็นคนดี ขอเวลา กรณีเปิดกล้องวงจรปิด http://www.matichon.co.th/news/507912",Timeline Photos,photo,https://www.facebook.com/quoteV2/photos/a.512068612228383.1073741830.511585615610016/1077332792368626/?type=3,2017-03-26 02:05:38,1716,302,195,1081,3,39,262,33,298
511585615610016_1076809895754249,"""เราจะทำตามสัญญา ขอเวลาอีกไม่นาน..""",ทหารขอเวลาเปิดภาพกล้องวงจรปิด,link,http://news.voicetv.co.th/thailand/474324.html,2017-03-25 10:31:40,1854,95,81,1451,5,10,255,21,112
511585615610016_1076682009100371,"""..อย่าเพิ่งเบื่ออย่าเพิ่งรำคาญเลย เพราะถ้าไม่ฟังก็จะไม่รู้ว่ารัฐบาลคิดอะไร และพอใครไม่หวังดีพูดอะไรมาก็ทำให้งานของรัฐบาลที่กำลังทำอยู่ช้าลง ช้าลงโดยไม่มีเหตุมีผล ผมขอร้องพี่น้องประชาชนกรุณาช่วยกันตั้งความหวังแบบผม..""

พล.อ.ประยุทธ์ จันทร์โอชา, 24 มี.ค.60
กล่าวในรายการ ""ศาสตร์พระราชา สู่การพัฒนาอย่างยั่งยืน"" ออกอากาศทางโทรทัศน์รวมการเฉพาะกิจแห่งประเทศไทย
ที่มา : ประยุทธ์ จัดหนัก 'เอ็นจีโอ' ขอร้องอย่าเป็นอุปสรรคการพัฒนาในพื้นที่ http://prachatai.org/journal/2017/03/70744",Timeline Photos,photo,https://www.facebook.com/quoteV2/photos/a.512068612228383.1073741830.511585615610016/1076682009100371/?type=3,2017-03-25 08:06:20,2289,235,100,1318,14,29,693,29,206
511585615610016_1076583575776881,"""ช็อปช่วยชาติ"" 

""สื่อรัสเซียเผยไทยสนใจซื้อยานยนต์หุ้มเกราะจากบริษัทของรัฐบาลมอสโก ขณะที่การเจรจาส่งมอบ ฮ. รุ่น Mi-17V5 อยู่ในขั้นสุดท้ายแล้ว""",'ไทย'สนใจซื้อยุทโธปกรณ์'รัสเซีย'ชุดใหญ่,link,http://www.komchadluek.net/news/foreign/267001,2017-03-25 05:18:25,3987,197,322,3243,6,82,408,159,89
511585615610016_1076542019114370,"""ชิตังเม โป้ง รวย"" #มิตรสหายท่านหนึ่ง",ลูกค้าผู้น่ารัก,photo,https://www.facebook.com/ilovemyclient/photos/a.285516558230070.65501.285482004900192/1251319854983064/?type=3,2017-03-25 04:16:10,1583,61,0,1243,2,17,310,4,7
511585615610016_1076498272452078,"""วันนี้อยากทำอะไรสักอย่างที่ผิดจริยธรรมจุง ไปหาซื้อกางเกงในใน Lazada ดีปะ?"" #มิตรสหายท่านหนึ่ง

(อ้างอิงมุขจากทวีตของ สมเกียรติ อ่อนวิมล‏ https://twitter.com/somkiatonwimon/status/844547044685471744 )",,status,,2017-03-25 02:49:20,871,25,5,670,2,1,198,0,0
511585615610016_1076461829122389,"""สร้างสรรค์มากครับ ขอชื่นชมทั้ง สพฐ และวิทยาศาสตร์จุฬา อันนี้ทำมาหลายปีแล้ว และเปิดให้เข้าถึงได้โดยไม่ต้องลงทะเบียนสมัคร

งานผลิตสื่อการสอนสาธารณะ ควรเป็นงานที่จริงจังยิ่งกว่าการพัฒนาครูเป็นรายคนเสียอีก เพราะมันสามารถให้การศึกษาที่ ""มีคุณภาพ"" ""ทั่วถึง"" ทำซ้ำและเผยแพร่ได้ง่าย ทบทวนความถูกต้องได้ ทุ่นแรงครูได้ ตลอดจนให้เรียนรู้ด้วยตัวเองได้ตามศักยภาพของผู้เรียนโดยไม่ขึ้นกับคุณภาพครู และต้นทุนก็ต่ำกว่าความพยายามอื่นๆ ในการพัฒนาการศึกษาด้วย

============
คณะวิทยาศาสตร์ จุฬาลงกรณ์ฯ ได้ร่วมมือกับสำนักงานการศึกษาขั้นพื้นฐาน (สพฐ.) กระทรวงศึกษาฯ สร้างสื่อการสอนในรูปคลิปวิดีโอ สำหรับชั้นมัธยมศึกษาตอนปลาย ในหัวข้อต่างๆ ครอบคลุมทั้ง 3 ชั้นปี (ม. 4 - 6) ซึ่งจนถึงวันนี้ ได้มีการจัดทำไปแล้วกว่า 800 เรื่อง 5 กลุ่มวิชา คือ คณิตศาสตร์ ชีววิทยา ฟิสิกส์ เคมี และ โลกดาราศาสตร์และอวกาศ""

#มิตรสหายท่านหนึ่ง",ด่วน! วิทย์จุฬาฯ แจกสื่อการสอนวิทย์-คณิตฟรี กว่า 800 เรื่อง,link,https://pantip.com/topic/30795572,2017-03-25 01:34:51,3292,75,1655,3168,65,54,5,0,0
511585615610016_1075954035839835,"""รัฐบาลและ คสช.ยึดมั่นในกฎหมาย และดำเนินการอย่างตรงไปตรงมา ไม่มีสิ่งใดแอบแฝง จึงขอเรียกร้องให้นายโกตี๋กลับมามอบตัว ส่วนผู้ที่แสดงความคิดเห็นไม่ตรงกับข้อเท็จจริง ก็ควรจะต้องพิจารณาบทบาทของตนเอง"" 

พล.ท.สรรเสริญ แก้วกำเนิด, 24 มี.ค.60
โฆษกประจำสำนักนายกรัฐมนตรี 
ที่มา : รัฐบาลไม่สนข้อกล่าวหาจัดฉากตรวจค้นบ้านเครือข่ายโกตี๋ http://www.tnamcot.com/view/58d4b68ee3f8e480f98c8c9c",Timeline Photos,photo,https://www.facebook.com/quoteV2/photos/a.512068612228383.1073741830.511585615610016/1075954035839835/?type=3,2017-03-24 08:46:05,1419,72,58,962,2,13,377,6,59
511585615610016_1075909329177639,"""เคยได้ยินแต่ในมุกตลก ตอนนี้เกิดขึ้นในโลกแห่งความเป็นจริงแล้วอ่ะครับ เอิ่ม.. - -"""" #มิตรสหายท่านหนึ่ง","โอละพ่อ!คนงานชาวเมียนมาพูดไม่ชัดบอก""ไฟไหม้หมด""ดับเพลิงแห่ระงับเหตุไม่เจอแม้ควัน",link,http://manager.co.th/Local/ViewNews.aspx?NewsID=9600000030056,2017-03-24 07:35:04,2243,34,67,1977,2,22,236,5,1
511585615610016_1075865399182032,"""เอาให้สะใจแบบนี้คงชอบกัน แต่อีกฝ่ายก็โวยวาย ดังนั้นจึงต้องสร้างความเข้าใจทั้งสองฝ่ายว่าจะปรับกันอย่างไร ไม่ใช่ให้รัฐบาลใช้กฎหมายเข้มข้นไปเรื่อย ๆ แล้วไม่ยอมและไม่ปฏิบัติตาม คำสั่งมาตรา 44 ออกมาเช่นนี้ก่อนในระยะแรกเพราะไม่เคยมีกฎหมายเข้มข้นแบบนี้มาก่อน หากใช้กฎหมายแรงไปเลยแล้วปฏิบัติไม่ได้ กฎหมายก็จะเสียหาย ไม่ว่าจะเป็นเรื่องการจราจร เรื่องภาษีและเรื่องอื่นๆ ย่อมต้องใช้เวลาเพื่อให้ทุกคนปรับตัวเพื่อให้ดีกว่าเดิม เพราะที่ผ่านมาทุกคนทำตามใจตัวเอง เมื่อเกิดเหตุก็กลับมาโทษรัฐบาลและเจ้าหน้าที่ ขอให้ทุกคนรับผิดชอบตัวเองด้วย ในช่วงสงกรานต์จะไม่มีมาตรการใด ๆ ออกมาเพิ่มเติมคงต้องไปขอยมบาลแล้ว"" 

พล.อ.ประยุทธ์ จันทร์โอชา, 24 มี.ค.60
นายกรัฐมนตรีและหัวหน้าคณะรักษาความสงบแห่งชาติ (คสช.) 
กล่าวถึงการออกมาตรการเข้มเกี่ยวกับการขับขี่
ที่มา : นายกฯ  ถ่ายเซลฟี่รณรงค์คาดเข็มขัดนิรภัย http://www.tnamcot.com/view/58d4ddc3e3f8e480f98c8cce",Timeline Photos,photo,https://www.facebook.com/quoteV2/photos/a.512068612228383.1073741830.511585615610016/1075865399182032/?type=3,2017-03-24 06:12:21,1081,72,22,757,7,24,281,2,10
511585615610016_1075772579191314,"""กดถูกใจได้สักที"" #มิตรสหายท่านหนึ่ง 
-------
""อะโหล ทำไร
หลังๆ ""เจ้าตัวเล็ก"" มาหาผมน้อยลงบ้าง แมวมัน ""ทรยศ"" น่ะ ไปหาเพื่อนบ้านอีกคนมากขึ้น เพราะเขาชอบให้อาหารมันบ่อยๆ
ภาพเพิ่งถ่าย ผมเพิ่งกลับจากตลาด นอนเอนพักดูเฟซบุ๊ค มันชอบมานอนข้างๆหรือบนตัวตอนผมเอน สมัยก่อนบางทีกลางคืนมานอนด้วยทั้งคืน เดี๋ยวนี้ไม่ค่อยมาละ อากาศที่นี่เริ่มอุ่นขึ้นด้วยน่ะ ก็ดีเหมือนกัน มันมานอนแบบนี้ทีไร ผม ""เกรงใจ"" มัน ไม่ค่อยกล้าขยับตัว จนเมื่อยเลย เช่นในขณะนี้ หิวข้าวเที่ยงแล้วด้วย แต่ ""เกรงใจ"" ไม่กล้าลุกไปหาอะไรกิน ใครช่วยมาเอามันไปทีดิ""

สมศักดิ์ เจียมธีรสกุล, 23 มี.ค.60
ที่มา : https://www.facebook.com/somsakjeam/posts/1264967650223178",Timeline Photos,photo,https://www.facebook.com/quoteV2/photos/a.512068612228383.1073741830.511585615610016/1075772579191314/?type=3,2017-03-24 02:48:18,1992,26,29,1526,28,5,433,0,0
511585615610016_1075735849194987,"""ใครคือทุเรียนกับอีกา ยังไม่น่าสงสัยเท่าเชิญแตงโมมาเป็นกรรมการ แต่ไม่เรียกให้ถามเลย ยกมือเก้อหลายรอบ เอ็นดู๊วว "" #มิตรสหายท่านหนึ่ง",,status,,2017-03-24 01:17:44,1175,21,7,1045,0,4,126,0,0
511585615610016_1075712319197340,"""เดอะแม้วซิงเกอร์"" #มิตรสหายท่านหนึ่ง",Timeline Photos,photo,https://www.facebook.com/quoteV2/photos/a.512068612228383.1073741830.511585615610016/1075712319197340/?type=3,2017-03-24 00:31:05,6985,87,557,5713,23,34,1215,0,0
511585615610016_1075286935906545,"""ถ้าเป็นผม ผมอาจ กด ออโต้ ไปแล้ว ก็ได้ นี่เขายิง ไปนัดเดียว อีกคนขว้างระเบิด ผมว่า สมเหตุผล ในการป้องกันตนเอง. เพาะทหารก็ ยิงแขน แต่พลาดโดนจุดสำคัญ บุญของน้อง มีแค่นั้น"" 

พล.ท.วิจักขฐ์ สิริบรรสพ, 23 มี.ค.60
แม่ทัพภาคที่3 กล่าวถึงการวิพากษ์วิจารณ์และตั้งคำถามถึงการปฏิบัติหน้าที่ของทหารจากการวิสามัญฆาตกรรม นายชัยภูมิ ป่าแส นักเคลื่อนไหวชาติพันธุ์ชาวลาหู่ 
ที่มา : อึ้ง!!?? ""ถ้าเป็นผมอาจกดออโต้ไปแล้ว"" แม่ทัพภาค 3 http://www.komchadluek.net/news/regional/267050",Timeline Photos,photo,https://www.facebook.com/quoteV2/photos/a.512068612228383.1073741830.511585615610016/1075286935906545/?type=3,2017-03-23 11:45:54,3085,254,242,1846,1,46,33,273,886
511585615610016_1075262735908965,"""ถึงไม่ได้สนใจรายการนักร้องหน้ากากอะไรนี่แต่ผมก็ลุ้นเหมือนกัน เพราะตอนนั่งรถแท็กซี่มา คนขับเขาลุ้นมาก เปิดทีวีดูไปด้วย แล้วเน็ทมันก็ค้าง พอมันค้างเขาก็ชะลอรถเอามือนึงจับพวงมาลัย อีกมือนึงกดรีเฟรชทีวี เป็นเช่นนี้อยู่หลายครั้งระหว่างทาง ลุ้นเลย จะถึงบ้านไหมลูกกก"" #มิตรสหายท่านหนึ่ง

 #themasksinger",,status,,2017-03-23 11:07:16,1308,18,5,1090,2,1,215,0,0
511585615610016_1075180325917206,"คนอังกฤษจะร่วมมือกันทำให้ผู้ที่ต้องการทำลายค่านิยมของความเป็นประชาธิปไตย ความอดทนอดกลั้น และหลักนิติธรรม ต้องเป็นฝ่ายพ่ายแพ้ เพราะไม่มีทางที่ค่านิยมเหล่านี้จะถูกทำลาย

- แอมเบอร์ รัดด์ รัฐมนตรีมหาดไทยอังกฤษ 
ในแถลงการณ์ถึงเหตุก่อการร้ายที่เกิดขึ้น",เกิดเหตุร้ายใกล้รัฐสภาอังกฤษ ตร.ยันเสียชีวิต 4 คน ระบุเป็น 'เหตุก่อการร้าย',link,http://prachatai.org/journal/2017/03/70704,2017-03-23 08:55:46,690,17,12,634,14,5,2,34,1
511585615610016_1074999519268620,"""โฆษณาที่อาจารย์พูดถึงเรียกว่า adsense (ของ google) จะแสดงผลแต่ละคนไม่เหมือนกัน ไม่ใช่อนาจารหรือผิดศีลธรรมใดๆ""
-   wit R‏ @pwittaya 
ที่มา : https://twitter.com/somkiatonwimon/status/844547044685471744",Timeline Photos,photo,https://www.facebook.com/quoteV2/photos/a.512068612228383.1073741830.511585615610016/1074999519268620/?type=3,2017-03-23 04:15:15,984,65,118,657,2,8,317,0,0
511585615610016_1074776999290872,"""ทําไมมันช่างเปราะบางเหลือเกิน..""",ห้ามครู-นร.สระแก้วเดินรณรงค์ปัญหาขยะพิษ,link,http://www.komchadluek.net/news/regional/266868,2017-03-22 20:39:18,4548,89,440,3703,5,62,397,258,123
511585615610016_1074574015977837,"เด็กปั้ม ""ผมไม่มีความผิดอะไร""
---
""คุณมีแน่ ชั้นตั้งคุณแน่ อยู่ที่ปากกาชั้นค่ะ""
- ผู้หญิงในคลิป ซึ่งอ้างว่าชื่อ ""ผู้กองฝ้าย"" กล่าว

ที่มา : นาทีที่ 1.45 https://www.facebook.com/162757907525039/videos/229864637481032

-----
ล่าสุด ตำรวจแจงไม่มี ""ผู้กองฝ้าย"" ที่มา https://www.khaosod.co.th/special-stories/news_266636
พ.ต.อ.อำนาจ อินทรศวร ผกก.สน.บางเขน ระบุว่า คลิปดังกล่าวเกิดขึ้นเมื่อวันที่ 21 มี.ค. เวลาประมาณ 22.00 น. บริเวณปั้มน้ำมันที่อยู่ตรงข้ามบิ๊กซีสะพานใหม่ หญิงสาวที่อยู่ในคลิปมีอาชีพเป็นพนักงานบริษัทแห่งหนึ่งไม่ได้เป็นตำรวจแต่อย่างใด แต่ขณะนั้นหญิงสาวคนดังกล่าวได้โทรแจ้งความกับ 191 ก่อนที่ 191 จะประสานให้เข้าแจ้งความที่ สน.บางเขน และทางเจ้าหน้าที่ตำรวจได้ลงบันทึกประจำวัน และไกล่เกลี่ยไปเรียบร้อยแล้ว",Timeline Photos,photo,https://www.facebook.com/quoteV2/photos/a.512068612228383.1073741830.511585615610016/1074574015977837/?type=3,2017-03-22 14:25:53,2848,97,56,2039,4,31,663,7,104
511585615610016_1074511655984073,"""ปีนี้ผมเลือกที่จะผ่อนผัน แต่ผมตัดสินใจมั่นว่าผมจะต่อสู้และผมจะไม่สังฆกรรมในการเกณฑ์ทหารใดๆ ผมไม่เห็นด้วยกับการรักชาติในรูปแบบนี้ ทำไมผมไม่สามารถทำอย่างอื่นได้ ทำไมนักร้อง นักแสดง หรือทุกๆ คนไม่อาจจะรักชาติในรูปแบบอื่น ทำไมชิน ชินวุฒิ ไม่ไปร้องเพลง ทำไมมาริโอ้ต้องอ้างเป็นโรคหอบ ใครเป็นคนกำหนดว่าอย่างไหนคือการ ""รักชาติ"" เรารักชาติโดยไม่ต้องฆ่า ไม่ต้องถืออาวุธ ไม่ต้องถูกล้างสมองให้เหมือนกันได้ไหม ประเทศที่เดินตามทางทหารเดียวๆ ทุกวันนี้ การรักชาติทหารนิยามกลุ่มเดียวใช่ไหม นี่ไม่ใช่ประเทศที่ผมต้องการ ผมเห็นแล้วว่า 3 ปีมานี้กับแนวคิดบ้าบออ้างรักชาตินี้ เราสูญเสียโอกาสไปขนาดไหน ผมขอต่อสู้เพื่อสิทธิของผม และสิทธิแห่งอนาคตของประเทศนี้ ผมขอย้ำอีกทีด้วยว่า ผมขอผ่อนผัน ผมกำลังยุ่งวุ่นรับใช้ชาติในแบบของผมอยู่ครับ""

เนติวิทย์ โชติภัทร์ไพศาล, 21 มี.ค.60
กล่าวถึงการเกณฑ์ทหาร
ที่มา : 'จ่านิว' โพสต์ถ้าติดทหาร ถูกกระทืบตายแน่ 'เนติวิทย์' ระบุปีนี้จะผ่อนผัน http://prachatai.org/journal/2017/03/70698
ภาพจาก ไข่แมว",Timeline Photos,photo,https://www.facebook.com/quoteV2/photos/a.512068612228383.1073741830.511585615610016/1074511655984073/?type=3,2017-03-22 12:46:11,4247,169,356,3898,57,61,225,2,4
511585615610016_1074300816005157,"เมื่อเข้ามาในวงการการเมืองแล้ว ต้นทุนก็สูง ก็ต้องเอาจากของหลวง จนในที่สุดไม่ได้ทำงานเพื่อพัฒนา แต่ทำเพื่อเอาสัดส่วนจากสิ่งที่ทำ เรียกกันว่า ทุจริตเชิงนโยบาย โดยใช้อำนาจไปในทางที่ไม่สุจริต และรักษาอำนาจด้วยวิธีการเอาทุนคืนและสะสมทุนรอนต่อไปในวันข้างหน้า ซึ่งเป็นวิกฤตที่อันตรายที่สุดสำหรับประเทศและประชาชน รวมถึงทำลายความน่าเชื่อถือของระบอบประชาธิปไตย 

นายมีชัย ฤชุพันธุ์, 22 มี.ค.60
ประธานกรรมการร่างรัฐธรรมนูญ (กรธ.) กล่าวปาฐกถาเรื่องบทบาทของรัฐธรรมนูญในการคลี่คลายวิกฤตการณ์ทางการเมืองไทย

ที่มา : http://www.tnamcot.com/view/58d2259fe3f8e44ca13b6cad",Timeline Photos,photo,https://www.facebook.com/quoteV2/photos/a.512068612228383.1073741830.511585615610016/1074300816005157/?type=3,2017-03-22 07:31:45,811,99,47,585,1,5,158,2,60
511585615610016_1073557592746146,"""พวกเราต้องเข้าใจว่า อันแรก ทุกคนต้องเข้าใจในเหตุผลความจำเป็นในการที่ต้องมี อันที่หนึ่ง ถ้าเข้าใจตรงกันโอเค ต้องมี อันที่สอง คือ มีแล้วจะซื้อจากไหน เพราะเราผลิตเองไม่ได้ เราไม่มีเงินเพียงพอที่จะไปซื้อของแพงๆ  อันที่สาม คือ ไอ้ที่มันเป็นตัวเลือกนี่ ราคามันถูกกว่า แต่คุณสมบัติมันยังต่ำนี่รับได้ไหม ปลอดภัยไหม ซึ่งมันก็มีหลายอย่าง วันนี้กองทัพไทยก็ซื้อของแบบนี่ล่ะ เพราะเงินเรามีน้อยไง"" 

พล.อ.ประยุทธ์ จันทร์โอชา, 21 มี.ค.60
กล่าวถึงโครงการจัดซื้อเรือดำน้ำของกองทัพเรือ จากประเทศจีน ซึ่ง 2 ลำ ให้ 3 ลำ
ที่มา : ประยุทธ์ ชี้เรือดำน้ำโปรจีน เด็ดสุด ซื้อ 2 แถม 1 ถูก-คุณภาพใช้ได้ พร้อมบริการเสริมแน่น http://prachatai.org/journal/2017/03/70677",Timeline Photos,photo,https://www.facebook.com/quoteV2/photos/a.512068612228383.1073741830.511585615610016/1073557592746146/?type=3,2017-03-21 08:19:17,804,163,78,486,4,11,190,14,99
511585615610016_1073503809418191,"""ถ้าประเทศไทยหลุดจากประเทศกับดักรายได้ปานกลางเมื่อไร เราน่าจะมีแชมป์โลกมวยน้อยลงอ่ะครับ อุตสาหกรรมนี้ในบ้านเรามักขับเคลื่อนด้วยความแร้นแค้นและความสู้ชีวิต . ."" #มิตรสหายท่านหนึ่ง",กูรูมวยโลก สดุดีศรีสะเกษ ไร้ตังเข้ากรุงทำมาม่าให้แฟนกินเส้น ตัวเองซดน้ำ,link,http://www.thairath.co.th/content/891101,2017-03-21 06:39:53,3216,41,70,2958,13,24,97,122,2
511585615610016_1073489816086257,"""เราไม่ได้ทำการล่อซื้อ แต่เมื่อมีคนร้องเรียนว่า มีการทำผิดกฎหมาย  เราก็ต้องตรวจสอบ จับกุม ทำให้กฎหมายมีความเหมาะสม หากปล่อยไว้ ก็ทำให้แท็กซี่ไม่พอใจ เพราะเขาทำถูกกฎหมาย แต่มีคนแย่งอาชีพ จึงต้องหาทางออกร่วมกัน""

พล.อ.ประยุทธ์ จันทร์โอชา, 21 มี.ค.60
นายกรัฐมนตรี กล่าวถึง แอพพลิเคชั่น Uber 
ที่มา : นายกฯ ไม่มีแนวคิดใช้ ม.44 กับ Uber http://www.tnamcot.com/view/58d0e81ae3f8e44ca13b6be1",Timeline Photos,photo,https://www.facebook.com/quoteV2/photos/a.512068612228383.1073741830.511585615610016/1073489816086257/?type=3,2017-03-21 06:11:56,902,78,73,571,2,10,233,7,79
511585615610016_1073305772771328,"""..ขอบคุณทุกคนทั้งที่มาและไม่ได้มาแล้วก็เซ็นหรือไม่ได้เซ็น เพราะเรามีใจให้กันอยู่แล้ว 
เราต่างคนต่างทำหน้าที่ของตัวเองให้ดีที่สุดอะนะ เพราะฉะนั้นตลอดหลายวันที่ผ่านมา
นายกอาจจะแรงไปบ้างก็ขอโทษด้วยเพราะเป็นเรื่องของงาน เป็นเรื่องของความเครียดที่มันจำเป็นต้องทำทุกอย่างให้มันสำเร็จ ไม่เช่นนั้นทุกอย่างจะเดินหน้าไปไม่ได้""

พล.อ.ประยุทธ์ จันทร์โอชา, 21 มี.ค.60
กล่าวกับผู้สื่อข่าวที่อวยพรวันเกิด
ที่มา : https://www.youtube.com/watch?v=dwDJWPR8gQw",Timeline Photos,photo,https://www.facebook.com/quoteV2/photos/a.512068612228383.1073741830.511585615610016/1073305772771328/?type=3,2017-03-21 01:01:17,510,64,8,303,3,4,146,2,52
511585615610016_1073037249464847,"ยืนยันที่จะเดินหน้าให้บริการต่อไป เพราะบริการของอูเบอร์ไม่ได้ผิดกฎหมาย เพียงแต่ประเทศไทยยังไม่มีกฎหมายรองรับระบบบริการร่วมเดินทางของอูเบอร์มากกว่า  ขณะที่อินโดนีเซีย มาเลเซีย และสิงคโปร์ มีกฎหมายรองรับและสามารถให้บริการได้  

เอมี่ กุลโรจน์ปัญญา, 20 มี.ค.60
ผู้อำนวยการอาวุโส ฝ่ายรัฐสัมพันธ์สื่อสารองค์กร ประจำภูมิภาคเอเชียแปซิฟิก หรืออูเบอร์
ที่มา : 'คมนาคม' อ้างอูเบอร์รับปากยุติให้บริการ ระหว่างศึกษา ด้านอูเบอร์ยันไม่ได้รับปาก http://prachatai.org/journal/2017/03/70668",Timeline Photos,photo,https://www.facebook.com/quoteV2/photos/a.512068612228383.1073741830.511585615610016/1073037249464847/?type=3,2017-03-20 20:00:00,1091,46,48,999,14,4,71,2,1
511585615610016_1073012642800641,"""จากการตรวจสอบยืนยันว่า ทหารไม่ได้ชนแล้วหนี แต่เนื่องจากขณะนั้น คู่กรณีมีอารมณ์รุนแรง และพิจารณาแล้ว คิดว่าคงคุยกันไม่รู้เรื่อง เลยขับรถออกไป รถทหารเป็นรถขนาดใหญ่ มีสังกัดชัดเจนว่ามาจากหน่วยใด ทหารไม่ได้หนีเพราะเฉี่ยวชน แต่หนีอารมณ์ของคู่กรณี และเมื่อเจอบุคคลที่สาม คือเจ้าหน้าที่ตำรวจ จึงจอดเพื่อไกล่เกลี่ยกัน แต่ในส่วนของคู่กรณีเอาคลิปไอโพสต์ เพื่อให้สังคมเข้าใจว่าทหารชนแล้วหน""

พ.อ.วินธัย สุวารี, 20 มี.ค.60
โฆษกกองทัพบก
กล่าวถึงกรณีโซเชียลเน็ตเวิร์กมีการเผยแพร่วิดีโอคลิปที่ระบุว่าเป็นการไล่ล่ารถทหาร ซึ่งอ้างว่า ทหารชนแล้วหนี ปิดบังป้ายทะเบียน ซึ่งผู้ถ่ายยืนยันว่ารถของเข้าหน้าที่ทหารเบียดรถจักรยานยนต์จนเสียหลักไปเบียดรถคนอื่นด้วย
ที่มา : โฆษก ทบ. ยันทหารไม่ได้ชนแล้วหนี อ้างที่ขับออกเพราะคู่กรณีกำลังหัวร้อน http://prachatai.org/journal/2017/03/70667",Timeline Photos,photo,https://www.facebook.com/quoteV2/photos/a.512068612228383.1073741830.511585615610016/1073012642800641/?type=3,2017-03-20 19:00:02,3715,320,213,2259,11,72,1120,17,236
511585615610016_1072993252802580,"""..ผมตามข่าวมานาน ตามมาตลอด เพราะฉะนั้นไม่ต้องห่วงนะครับ ความมั่นคงตามทุกเรื่อง จำไว้
โกตี๋มันจัดไง ให้มันว่าไปสิ มันจัด ตอนนี้เอาตัวให้รอกเถอะโกตี๋อะ 
(ผู้สื่อข่าวคำถามเรื่องมีคนจะใช้อาวุธสงครามมาลอบสังหารผู้นำ?) ""..อันนั้นก็มีคนเข้าผูด โกตี๋นั่นล่ะเป็นคนพูด ประกาศลั่นเลยแล้วก็มีคนรับลูก..
..โกตี๋เป็นใคร แล้วคุณดูสิในอดีตเขาเป็นใคร มาพูดจาอะไรเยอะแยะนี่ ทำไมจะต้องฟังด้วยล่ะ
..ไม่หวั่นไหวหรอก ไม่ไหวเหวยอะไรทั้งนั้น ผมไม่บางทีอะไรกับใครหรอก ผมผ่านศึกสงครามมาเยอะแล้ว ไม่เป็นไรหรอก""

พล.อ.ประวิตร วงษ์สุวรรณ, 20 มี.ค.60
ที่มา : https://youtu.be/cn4xgMZo6hQ",Timeline Photos,photo,https://www.facebook.com/quoteV2/photos/a.512068612228383.1073741830.511585615610016/1072993252802580/?type=3,2017-03-20 13:53:48,850,82,16,507,4,4,291,2,42
511585615610016_1072792866155952,"""หากรัฐบาลต้องการใช้อภินิหารทางกฎหมายในการตรวจสอบการเสียภาษี ทักษิณ ชินวัตร อดีตนายกรัฐมนตรีได้ ก็ต้องมีการตรวจสอบการเสียภาษีของนักการเมืองคนอื่น รวมถึง พล.อ.ประวิตรได้ด้วย ผมไม่ได้บอกว่า พล.อ.ประวิตรมีความผิด เพียงแต่ต้องการให้กรมสรรพากรเข้าไปตรวจสอบและชี้แจงข้อเท็จจริงออกมาเท่านั้น""  

เรืองไกร ลีกิจวัฒนะ, 20 มี.ค.60
อดีตส.ส.พรรคเพื่อไทย
กล่าวกรณี เดินทางไปที่กรมสรรพากร เพื่อยื่นหนังสือให้ตรวจสอบ พล.อ.ประวิตร วงษ์สุวรรณ รองนายกรัฐมนตรีและ รมว.กลาโหม ว่าเสียภาษีอย่างถูกต้องหรือไม่ จากกรณีที่ระบุไว้ในบัญชีทรัพย์สินที่ยื่นต่อ ป.ป.ช. กรณีเข้ารับตำแหน่ง รมว.กลาโหม เมื่อปี 2551 ว่ามีเช็คเงินสด จำนวน 1 ล้านบาท อยู่ในบัญชีรายการทรัพย์สินอื่น เพราะหากมีการนำเช็คดังกล่าวไปขึ้นเงิน ก็จะถือว่าเป็น ""เงินได้พึงประเมิน"" ตามมาตรา 39 แห่งประมวลรัษฎากร ซึ่ง พล.อ.ประวิตร ควรจะนำไปยื่นเสียภาษีเงินได้ตามมาตรา 40 แห่งประมวลรัษฎากร ภายในวันที่ 31 มี.ค. 2552 ซึ่งหากไม่มีการเสียภาษี กรมสรรพากรก็ควรเรียกเก็บภาษีพร้อมเงินเพิ่มและเบี้ยปรับ ภายในอายุความ 10 ปี
ที่มา : สตง.ยันไม่เลือกปฏิบัติสอบภาษีนักการเมือง ด้าน 'เรืองไกร' ยื่นสรรพากรสอบภาษี 'ประวิตร' แล้ว http://prachatai.org/journal/2017/03/70656",Timeline Photos,photo,https://www.facebook.com/quoteV2/photos/a.512068612228383.1073741830.511585615610016/1072792866155952/?type=3,2017-03-20 08:13:08,1246,24,21,1087,9,18,131,1,0
511585615610016_1072735752828330,"เมื่อเวลา 10.00 น. ของวันที่ 17 มีนาคม เจ้าหน้าที่ทหาร สังกัดกองร้อยทหารม้าที่ 2 บก.ควบคุมที่ 1 หน่วยเฉพาะกิจกรมทหารม้าที่ 5 ได้จัดตั้งจุดตรวจค้นยาเสพติดบริเวณสามแยกรินหลวง พบรถยนต์ฮอนด้าแจ๊ซ สีดำ หมายทะเบียน ขก 3774 เชียงใหม่ มียาบ้าจำนวน 2,800 เม็ด ซุกซ่อนไว้บริเวณกรองอากาศ จึงเข้าดำเนินการจับกุมนายพงศ์นัย แสงตะล้า อายุ 19 ปี ซึ่งทำหน้าที่เป็นคนขับรถไว้ได้ แต่นายชัยภูมิ ป่าแส อายุ 21 ปี ซึ่งเป็นผู้ที่นั่งมาด้วยทางด้านหน้าข้างคนขับ ได้มีการขัดขืนโดยได้วิ่งหนีออกจากรถไป เพื่อหวังจะหลบหนีการจับกุม ทางเจ้าหน้าที่ทหารจึงได้วิ่งไล่ติดตามไป และเมื่อใกล้ถึงตัวนายชัยภูมิ กลับเกิดเหตุการณ์ที่น่าเสียใจคือ นายชัยภูมิกลับหยิบระเบิดมือที่พกไว้ออกมา พยายามที่จะขว้างปาใส่เพื่อหวังจะทำร้ายเจ้าหน้าที่

""ดังนั้นเจ้าหน้าที่จึงจำเป็นต้องใช้อาวุธปืนประจำกายยิงออกไป เพื่อจะหยุดการกระทำและเพื่อเป็นการป้องกันตัวจำนวน 1 นัด จึงเป็นเหตุให้นายชัยภูมิ ป่าแส เสียชีวิต"" 

พ.อ.วินธัย สุวารี} 20 มี.ค.60
โฆษกกองทัพบก กล่าวถึงกรณีที่มีการวิพากษ์วิจารณ์ว่าเจ้าหน้าที่ทหารได้กระทำการที่เกินกว่าเหตุในระหว่างปฏิบัติหน้าที่ต่อผู้กระทำผิดตาม พ.ร.บ.ยาเสพติด โดยวิสามัญฆาตกรรมนายชัยภูมิ ป่าแส นักเคลื่อนไหวกิจกรรมชาติพันธุ์ลาหู่ ที่อำเภอเชียงดาว จังหวัดเชียงใหม่

ที่มา : โฆษกทบ. ป้องจนท.วิสามัญฯ""นักกิจกรรมลาหู่""ดับ ยัน ยิงป้องกันตัวเพราะมีระเบิดในมือ https://www.matichonweekly.com/hot-news/article_28769",Timeline Photos,photo,https://www.facebook.com/quoteV2/photos/a.512068612228383.1073741830.511585615610016/1072735752828330/?type=3,2017-03-20 06:41:46,966,104,77,599,1,12,70,47,237
511585615610016_1072030119565560,"""การใช้มาตรา 44 นั้นมีความจำเป็นทั้งนี้เนื่องจากกฎหมายปกติถูกละเมิด แล้วก็มีการใช้ ""กฎหมู่"" 

ประยุทธ์ จันทร์โอชา, 17 มี.ค.60
นายกรัฐมนตรี
ที่มา : ศาสตร์พระราชา สู่การพัฒนาอย่างยั่งยืน วันศุกร์ที่ 17 มีนาคม 2560 - ที่มา :  http://www.thaigov.go.th/news/contents/details/2453",Timeline Photos,photo,https://www.facebook.com/quoteV2/photos/a.512068612228383.1073741830.511585615610016/1072030119565560/?type=3,2017-03-19 10:33:48,1929,146,88,1156,3,30,592,15,133
511585615610016_1071875622914343,,เด็กหลังห้อง,photo,https://www.facebook.com/1564062570484273/photos/a.1576251395932057.1073741828.1564062570484273/1959077590982767/?type=3,2017-03-19 07:03:23,1149,93,1,836,8,30,265,6,4
511585615610016_1071256362976269,"""ฮา 

น้อยเนื้อต่ำใจ ตัดพ้อว่าคนดูแต่ละคร เกมโชว์ ไม่ดูข่าว

ท้ายบทความแปะลิงก์ชวนคนไปดูรายการที่ตัวเองจัด เอ้าไหนลองกดดูหน่อย อ๋อ แบบนี้มั้งที่เรียกว่าข่าว หมอปลากับวิญญาณพยาบาท ไสยศาสตร์แบบนี้สาระดีมีคุณค่าต่อสังคมจริงๆ""

#มิตรสหายท่านหนึ่ง",สังคมไทย สังคมดูละคร ดูเกมโชว์...กนก รัตน์วงศ์สกุล,link,http://www.nationtv.tv/main/content/lifestyle/378539126/,2017-03-18 12:54:25,3447,273,85,2563,8,6,863,5,2
511585615610016_1071219409646631,"""มายาคติอันหนึ่งซึ่งมีการพูดกันเยอะในช่วงที่มีประเด็นเรื่อง VAT ว่าเราจ่ายภาษีระดับต้นๆ ของโลก แต่ได้รับบริการที่ห่วยมากอะไรพวกนี้ อันนี้ส่วนหนึ่งก็เป็นมายาคติ
เพราะว่าจริงๆ แล้ว เราอยู่ในระดับที่จ่ายภาษีค่อนข้างต่ำ ถ้าเทียบกับประเทศ OECD ซึ่งเป็นประเทศที่พัฒนาแล้ว ถ้าเทียบอย่างประเทศท้ายอย่างแม็คซิโกหรือเกาหลีใต้นี่ เราก็จะประมาณครึ่งเดียวของเขา ภาษีโดยรวม..

..ที่แน่ๆ เราไม่สามารถที่จะ เอาเงินรัฐแล้วมาจัดบริการชั้นดีเลิศแบบรัฐสวัสดิการได้ หรือแม้กระทั่งว่าสวัสดิการถ้วนหน้าแบบที่ในยุโรป เราจะไม่สามารถทำได้ 
แต่ถ้าถามว่าสมติว่าปีต่อไปมีใครคิดจะเอาเงินไปซื้อเรือดำน้ำ ซึ่งไม่รู้วาซื้อมาทำไมนี่ 3 หมื่นล้าน เงินพวกนี้หรือว่างบทหารที่เพิ่มขึ้นอย่างรวดเร็ว จากปีละไม่ถึงแสนล้าน สิบกว่าปีนี้เพิ่มมาเป็นสองแสน สามแสนล้านประมาณนี้
มันก็เป็นการเพิ่มที่ผมคิดว่าเป็นระดับที่น่าตกใจและแสนกว่าล้านที่เพิ่มขึ้นนี่ ถ้าเอามาใช้กับสวัสดิการสังคมต่างๆ มันก็คงจะมีส่วนที่ทำให้ เราได้รับบริการที่ดีขึ้นได้ 
เอาเข้าใจริงๆ แล้ว มันก็จะเป็นการลดค่าใช้จ่ายที่ไม่จำเป็นลงได้บ้างในบางส่วนทำกำลังทหารให้เล็กลงและมีประสิทธิภาพมากขึ้นประมาณนี้""

ดร.วิโรจน์ ณ ระนอง, มี.ค. 60
ผู้อำนวยการวิจัย ด้าน เศรษฐศาสตร์สาธารณสุขและการเกษตร 
ที่มาและฟังรายละเอียดเพิ่มเติมที่ : คนเคาะข่าว: ความเข้าใจเรื่อง VAT กับ ดร.วิโรจน์ ณ ระนอง https://www.youtube.com/watch?v=uuNw9lnmXkE",Timeline Photos,photo,https://www.facebook.com/quoteV2/photos/a.512068612228383.1073741830.511585615610016/1071219409646631/?type=3,2017-03-18 11:57:29,1155,33,56,1081,6,19,47,1,1
511585615610016_1071059566329282,,กัดฟุตบอล,photo,https://www.facebook.com/Gadfootball/photos/a.312706262449901.1073741828.312453082475219/378114342575759/?type=3,2017-03-18 08:25:03,724,16,0,549,3,3,167,1,1
511585615610016_1070907166344522,"""นับได้ว่า สองทศวรรษแห่งการรณรงค์ให้เด็กไทยใช้ถุงยางได้ผลดีทีเดียวครับ"" #มิตรสหายท่านหนึ่ง",จากสะพานลอยไปริมอ่าง โจ๋เชียงใหม่ย้ายที่จ้ำจี้ ล่าสุดเรื่องถึงผู้ว่าฯ,link,http://www.thairath.co.th/content/887161,2017-03-18 04:10:58,2949,75,78,2546,7,37,356,0,3
511585615610016_1070425809725991,"""..ยังมีคนที่หนีภาษีอีกมากมาย
บางคนร่ำรวยกว่าทักษิณด้วยซ้ำไป
ต้องใช้อภินิหารทางกฎหมาย
กับทุกคนที่หนีภาษีด้วยนะ
จึงจะเกิดประโยชน์แก่ประเทศอย่างแท้จริง..""

วีระ สมความคิด, 17 มี.ค.60
ที่มา : เพจ Veera Somkwamkid https://www.facebook.com/permalink.php?story_fbid=1247058988725284&id=181257625305431",Timeline Photos,photo,https://www.facebook.com/quoteV2/photos/a.512068612228383.1073741830.511585615610016/1070425809725991/?type=3,2017-03-17 12:14:04,2948,63,129,2631,45,16,252,3,1
511585615610016_1070387146396524,"""วันนี้ผมเข้ามาตักตวงหรือ ผมไม่สงสารประเทศหรือ แผ่นดินนี้ที่พวกผมรักษา แล้วให้เหยียบกันอยู่ทุกวัน ตายทับถมกันไปเท่าไหร่ ใครตาย นั่นแหละคือสิ่งที่ผมคิด ผมถึงเข้ามาอยู่ตรงนี้ ผมไม่ได้ทวงบุญคุณกับใครทั้งสิ้น ทหารมันตายตั้งแต่วันแรกที่สมัครเข้ามาเป็นทหารแล้ว เพราะต้องไปรบไปอยู่ชายแดน อย่างน้อยก็รถคว่ำตาย เพราะไปไกลบ้าน พอนั่งรถกลับมาก็ตายไปเยอะ เสี่ยงมาถึงวันนี้ได้ก็บุญแล้ว และผมก็ต้องมาเสี่ยงต่ออีก มันควรจะพักผ่อนได้แล้ว"" 

พล.อ.ประยุทธ์ จันทร์โอชา, 17 มี.ค.60
นายกรัฐมนตรี และหัวหน้าคณะรักษาความสงบแห่งชาติ (คสช.) เป็นประธานแสดงปาฐกถาพิเศษในหัวข้อ ""การขับเคลื่อน Thailand 4.0 ด้านเกษตรอาหาร และเทคโนโลยีชีวภาพ"" ที่มหาวิทยาลัยเกษตรศาสตร์
ที่มา : ประยุทธ์ ลั่น 'ผมเป็นนักประชาธิปไตยคนหนึ่ง' แต่ต้องอยู่ในกรอบที่ถูกต้อง http://prachatai.org/journal/2017/03/70620",Timeline Photos,photo,https://www.facebook.com/quoteV2/photos/a.512068612228383.1073741830.511585615610016/1070387146396524/?type=3,2017-03-17 11:11:04,2458,384,204,1522,11,36,668,15,206
511585615610016_1070233946411844,"""..ขนาดมีศาสนาคนยังขนาดนี้ แล้วถ้าไม่มีศาสนาคนจะขนาดไหน .."" #มิตรสหายท่านหนึ่ง 

ประชากรในโลกที่ Secular/Nonreligious/Agnostic/Atheist มีจำนวน 1.1 billion หรือ 1.1 พันล้าน

ที่มา : http://www.adherents.com/Religions_By_Adherents.html",สารรูป,photo,https://www.facebook.com/quoteV2/photos/a.513308805437697.1073741840.511585615610016/1070233946411844/?type=3,2017-03-17 07:20:04,509,35,35,438,1,7,60,2,1
511585615610016_1070157519752820,"""พวกผมเชียร์ พล.อ.ประยุทธ์ อยู่แล้ว เราเชียร์แบบเปิดเผย ไม่ได้ลับๆ ล่อๆ เราเชียร์เลย และรู้ว่าสิ่งที่พล.อ.ประยุทธ์ ปฏิรูปประเทศตรงใจพวกเรา ไม่ต้องมา กล่าวหากัน เรารับเลย ชัดเจน ..ผมชื่นชม รัฐบาล และคสช.ที่เปิดโอกาสให้ทุกฝ่ายเข้ามาแสดงความคิดเห็น คนทำงานจะได้เข้าใจปัญหาลึกซึ้งถึงแก่นจริงๆ แต่ขอให้ดำเนินการที่เหมาะสมกับสภาพการณ์ของประเทศไทย ตามขนบธรรมเนียม ประเพณี วัฒนธรรม ความเชื่อถื่อของสังคมไทย"" 

สุเทพ เทือกสุบรรณ, 17 มี.ค.60
แกนนำ กปปส.
ที่มา : สุเทพหนุนประยุทธ์อยู่ต่อหากปฏิรูปไม่เสร็จ ยิ่งลักษณ์หนุนตั้ง กก.กลางสร้างปรองดอง http://prachatai.org/journal/2017/03/70622

-----

""..ผมยังเชื่อว่าเผด็จการสู้กับพลังประชาชนไม่ได้""

สุเทพ เทือกสุบรรณ, 23 มิ.ย.56
ได้กล่าวตอนหนึ่งบนเวทีผ่าความจริงที่ จ.สิงห์บุรี
ที่มา http://www2.manager.co.th/Around/ViewNews.aspx?NewsID=9560000076027&CommentPage=1&",Timeline Photos,photo,https://www.facebook.com/quoteV2/photos/a.512068612228383.1073741830.511585615610016/1070157519752820/?type=3,2017-03-17 04:56:28,3634,133,201,2408,14,52,1048,18,94
511585615610016_1070111833090722,"""ผมไม่เคยไปต่อต้านพวกท่าน ผมเป็นนักประชาธิปไตยคนหนึ่ง แต่ผมต้องอยู่ในกรอบประชาธิปไตยที่ถูกต้อง ทำอย่างไรประชาธิปไตยจะไม่ถูกบิดเบือน จะต้องไม่ขัดแย้ง ประชาชนจะต้องยืนอยู่ตรงไหน ถือเป็นสิ่งสำคัญของประเทศไทย หลายประเทศทำได้ทั้งหมด มีเพียงประเทศไทยประเทศเดียวที่ทำอะไรไม่ได้สักอย่าง เพราะติดขัดในข้อกฎหมาย ไม่ปฏิบัติตามข้อกฎหมาย คนที่บังคับใช้กฎหมายก็ทำไม่ได้ ล้วนแต่เป็นปัญหาของประเทศ ซึ่งเราต้องร่วมมือกันจัดระเบียบสังคมอีกสักหน่อย แต่ไม่ได้หมายความว่าจะไปละเมิดสิทธิ เพียงแต่เราต้องดูว่าเวลาที่คนเหล่านี้ไปละเมิดสิทธิผู้อื่น ทำให้ประชาชนสังคม และประเทศเดือดร้อนแค่ไหน โดยเฉพาะคนบางกลุ่มแล้วดูว่าทำไมพวกผมถึงต้องเข้ามาทำแบบนี้ ยืนยันว่าผมไม่ได้รังแกใคร ผมทำเพื่อทุกคนในประเทศนี้ 70 กว่าล้านคน ยืนยันว่าไม่ได้ทำเพื่อใครคนใดคนหนึ่ง""

พล.อ.ประยุทธ์ จันทร์โอชา, 17 มี.ค.60
นายกรัฐมนตรี และหัวหน้าคณะรักษาความสงบแห่งชาติ (คสช.) เป็นประธานแสดงปาฐกถาพิเศษในหัวข้อ ""การขับเคลื่อน Thailand 4.0 ด้านเกษตรอาหาร และเทคโนโลยีชีวภาพ""  ที่มหาวิทยาลัยเกษตรศาสตร์
ที่มา : ประยุทธ์ ลั่น 'ผมเป็นนักประชาธิปไตยคนหนึ่ง' แต่ต้องอยู่ในกรอบที่ถูกต้อง http://prachatai.org/journal/2017/03/70620",Timeline Photos,photo,https://www.facebook.com/quoteV2/photos/a.512068612228383.1073741830.511585615610016/1070111833090722/?type=3,2017-03-17 03:34:26,2896,399,421,1577,14,65,1027,21,192
511585615610016_1070084056426833,"""พระหายาก""",ประชาไท Prachatai.com,photo,https://www.facebook.com/Prachatai/photos/a.10154441640596699.1073741949.108882546698/10154441640771699/?type=3,2017-03-17 02:33:25,141,4,0,113,1,4,21,2,0
511585615610016_1069980779770494,"""สรุปเรื่องราวในคดีของยู่ยี่ ทั้งปากคำของสามีที่บอกเล่าความไม่ชอบมาพากลของหลักฐานในคดี / กระบวนการในศาล / เรื่องเล่าจากเพื่อน(เคย)ร่วมคุกอย่าง กอล์ฟ ภรณ์ทิพย์ มั่นคง/ ทำความเข้าใจกฎหมายยาเสพติดใหม่ / ตอบคำถามว่ารื้อฟื้นคดีได้หรือไม่ / รวมถึงระเบียบราชทัณฑ์ใหม่ที่เพิ่งออกปีกลาย ซึ่งทำให้เธอ (โทษสูง) ต้องอยู่ในคุกอีกนานกว่าจะมีสิทธิได้รับอภัยโทษเช่นนักโทษคนอื่น"" 

- ประชาไท","ชำแหละคดี 'ยู่ยี่' : พ.ร.บ.ยาเสพติดใหม่ที่มาช้า-เสียงเพื่อนร่วมห้องขัง ""พี่ยี่นั่งเหม่อทุ",link,http://prachatai.org/journal/2017/03/70614,2017-03-16 22:48:05,1179,23,100,1073,2,7,3,92,2
511585615610016_1069967563105149,"""ไอ้คนนึง ขุด ไอ้คนนึง เหยียด หน้าแม่งได้ฟิวมากครับ
ประเทศเราแม่งโคตรคูล มีความสุขกับการดูถูกคนอื่น ทั้งที่ตัวเองก็อาจไม่ได้มีห่าอะไรเลย -0-""

#มิตรสหายท่านหนึ่ง คอมเม้นท์",ไข่แมว,photo,https://www.facebook.com/cartooneggcat/photos/a.136226233446771.1073741828.136187606783967/325321381203921/?type=3,2017-03-16 22:15:08,4978,62,0,4516,18,18,287,127,12
511585615610016_1069641879804384,"""ชิชาร์มันถูกเปลี่ยนตัว ไอ้คนประกบไม่รู้ ก็เลยวิ่งตาม
จนชิชาร์ต้องหันมาบอก เลยยิ้มๆกัน"" #มิตรสหายท่านหนึ่ง",giphy.com,link,http://giphy.com/gifs/6LrEQLNKrM9nq,2017-03-16 12:16:07,3208,46,129,2390,34,9,774,1,0
511585615610016_1069507486484490,"""ท่านนายกฯ รับทราบและดีใจที่กรุงเทพฯ ยังติดอันดับโลกด้านอาหารริมทาง ซึ่งถือเป็นเสน่ห์และเอกลักษณ์เฉพาะอย่างหนึ่งของไทยที่หลายประเทศไม่มี นักท่องเที่ยวสามารถซื้อหาอาหารอร่อยได้ตลอดเวลา โดยเน้นย้ำให้พ่อค้าแม่ค้าปรุงอาหารให้ถูกหลักอนามัย คำนึงถึงความสะอาดปลอดภัยทั้งในแง่ของอาหารและสิ่งแวดล้อมรอบ ๆ ร้าน รวมทั้งให้ความร่วมมือกับเจ้าหน้าที่สร้างความเป็นระเบียบเรียบร้อยให้นักท่องเที่ยวรู้สึกประทับใจ""  

พล.ท.สรรเสริญ แก้วกำเนิด, 16 มี.ค.60
โฆษกประจำสำนักนายกรัฐมนตรี 
กล่าวกรณีสำนักข่าว CNN จัดอันดับให้กรุงเทพฯ เป็น ""สวรรค์แห่งอาหารริมทาง"" หรือเมืองที่มีอาหารริมทาง (Street Food) ดีที่สุดในโลก

------

เป็นสิ่งที่ผิดกฎหมาย จริงๆ แล้วไม่ใช่วิถีชีวิต หรือวัฒนธรรมอันดีงามของไทย มันเริ่มมาจากการปล่อยปละละเลย จนเป็นความเคยชิน ซึ่งก่อให้เกิดความไม่เป็นระเบียบ รวมถึงเป็นช่องทางเรียกรับผลประโยชน์ของเจ้าหน้าที่ เกิดการฉ้อราษฎร์บังหลวง และความไม่เท่าเทียมในสังคมกับประชาชนกลุ่มอื่น ผู้ใช้เส้นทางสัญจรไม่ได้รับความสะดวก ถูกละเมิดสิทธิ โดยการกระทำที่ผิดกฎหมาย ถือว่าไม่เป็นธรรม 

พล.อ.ประยุทธ์ จันทร์โอชา, 11 พ.ย.59 
นายกรัฐมนตรีและหัวหน้า คสช. กล่าวในรายการ ""ศาสตร์พระราชาสู่การปฏิบัติอย่างยั่งยืน"" ตอนหนึ่งถึงการจัดระเบียบรถที่จอดรถ เส้นทางจราจร การรับส่ง รวมทั้ง การขายของบนทางเท้า ริมถนน

ที่มา : ประยุทธ์ ดีใจ CNN ยก กทม. 'สวรรค์แห่งอาหารริมทาง' ย้อนนายกฯเคยอัดขายของริมถนนผิดกฎหมาย http://prachatai.org/journal/2017/03/70608",Timeline Photos,photo,https://www.facebook.com/quoteV2/photos/a.512068612228383.1073741830.511585615610016/1069507486484490/?type=3,2017-03-16 08:22:26,2629,112,622,1738,5,25,845,4,12
511585615610016_1069379703163935,"""ปลื้มกับสิ่งที่ตัวเองไม่มีส่วนเกี่ยวข้องอ่ะครับ"" #มิตรสหายท่านหนึ่ง",'บิ๊กตู่' ปลื้มสื่อนอกยกกทม. 'สวรรค์แห่งอาหารริมทาง',link,http://news.voicetv.co.th/thailand/471237.html,2017-03-16 04:12:48,4568,117,159,3493,9,21,1036,4,5
511585615610016_1069345336500705,"""การดูงานต่างประเทศ เราต้องดูมาตรฐานสากล ว่าการศึกษาหลักสูตรลักษณะนี้ เขาทำอะไรกันบ้าง เราต้องอยู่ในมาตราฐานใกล้เคียงกัน เราอาจจะจำกัดด้วยงบประมาณ ไปสั้นกว่าระยะทางอาจจะใกล้กว่า ในหลายประเทศเขาไปเป็นเดือน ดูทั้งทวีป"" 

พล.อ.สุรพงษ์ สุวรรณอัตถ์, 16 มี.ค.60
ผู้บัญชาการทหารสูงสุด
กล่าวกรณี ทริปนศ.วิทยาลัยเสนาธิการทหาร ดูงานยุโรป
ที่มา : ทริปดูงานยุโรป ผบ.สส.ย้ำทหารยุคใหม่ต้องดูมาตรฐานสากล 'หมาเฝ้าบ้าน' แฉซ้ำล่องเรือสำราญสแกนดิเนเวีย http://prachatai.org/journal/2017/03/70599",Timeline Photos,photo,https://www.facebook.com/quoteV2/photos/a.512068612228383.1073741830.511585615610016/1069345336500705/?type=3,2017-03-16 02:51:40,1409,115,65,887,4,14,412,14,78
511585615610016_1068985879869984,"ยังไม่เห็นข้อเสนอของ นปช. ซึ่งคิดว่าทำไม่ได้หรอก คำสั่งคือคำสั่ง เพราะทำไปและใช้งานไปแล้วทั้งหมด รวมทั้งก็เป็นกฎหมาย ซึ่งเราทำไปเพื่ออนาคตให้อยู่ร่วมกันอย่างสันติ และมีความสงบ ถ้าอะไรที่เป็นกฎหมายทำไม่ได้ อย่างไรก็ตามถ้าต่อในอนาคตไปเกิดความสงบ มีความปรองดอง ประชาชนสามารภทำมาหากิน และนักธุรกิจเข้ามาลงทน จนทำให้ประเทศชาติเจริญเติบโต ก็เป็นสิ่งที่ดี เราจะอยู่ร่วมกันอย่างสันติ โดยใช้กฎหมาย เป็นต้น
แต่อะไรที่แล้วมาก็ไปว่ากันตามกระบวนการยุติธรรมไปจะให้ยกเลิกไม่ได้หรอก

พล.อ.ประวิตร วงษ์สุวรรณ, 15 มี.ค.60
รองนายกรัฐมนตรี และรัฐมนตรีว่าการกระทรวงกลาโหม 
กล่าวถึงข้อเสนอของกลุ่มแนวร่วมประชาธิปไตยต่อต้านเผด็จการแห่งชาติ (นปช.) ที่เสนอให้ยกเลิกมาตรา 44 และทุกคำสั่งของคณะรักษาความสงบแห่งชาติ (คสช.)เพื่อสร้างความปรองดอง
ที่มา : ""บิ๊กป้อม"" ดับฝันนปช. ย้ำชัดเลิกไม่ได้ ม.44ทำให้ชาติเจริญเติบโต http://www.matichon.co.th/news/496290",Timeline Photos,photo,https://www.facebook.com/quoteV2/photos/a.512068612228383.1073741830.511585615610016/1068985879869984/?type=3,2017-03-15 19:05:27,442,46,10,259,0,9,101,3,70
511585615610016_1068877859880786,"""ปริมาณยาเท่าพาราเซตามอลครึ่งเม็ด โดนแบบจัดเต็ม 15 ปี โครตเศร้าอะคับ #เปลี่ยนผู้เสพเป็นผู้ป่วย #บางทีโทษพี่ก็หนักไป"" #มิตรสหายท่านหนึ่ง","ศาลฎีกายกคำร้อง ""ยู่ยี่"" อดีตนางแบบเซ็กซี่ ต้องรับโทษจำคุก15ปี ปรับ1.5ล้าน คดีขนโคเคน",link,https://www.khaosod.co.th/breaking-news/news_255189,2017-03-15 10:52:02,1958,61,53,1729,1,54,6,158,10
511585615610016_1068671776568061,"""อยากรวยให้เป็นอธิการครับ โดยเฉพาะ พวก ม. นอกระบบนี่รวยเร็วดีจัง"" #มิตรสหายท่านหนึ่ง
http://www.matichon.co.th/news/495341",อธิการฯ มวล.ไม่ก้าวก่าย 8 อจ.แพทย์ลาออก ซัดอยากรวย 'อย่ามาเป็นอาจารย์',link,http://www.matichon.co.th/news/495341,2017-03-15 04:09:05,871,14,16,732,2,8,126,1,2
511585615610016_1068619163239989,"""เมื่อวานผมได้ข่าวเขาบอกเขาเขกหัวอย่างเดียว ซึ่งมันก็ไม่ควรอะนะ  บางทีหยอกไป คนก็ไม่เล่นด้วยนี่ เป็นคดีอีกล่ะ ก็เดี๋ยวทาง สปท. เขาดำเนินการอยู่นะครับ""

พล.อ.ประยุทธ์ จันทร์โอชา, 14 มี.ค.60
กล่าวถึงกรณี ""สปท. เขกหัว"" พนง.ร้านอาหาร
ที่มา : matichon tv https://www.youtube.com/watch?v=p3Ppw9Wpe3k",Timeline Photos,photo,https://www.facebook.com/quoteV2/photos/a.512068612228383.1073741830.511585615610016/1068619163239989/?type=3,2017-03-15 02:15:24,890,61,22,612,0,4,211,2,61
511585615610016_1068554376579801,"""เออ มันไม่ได้หล่อด้วยทองคำครับ ทุกคนในวัดรู้ว่ามันทำจากซิลิกอนละเคลือบด้วยไททาเนียม-ทอง

กูไปอ่านเจอตอนหาข้อมูลให้ลูกค้า หน้าเว็บวัดก็เขียนไว้"" #มิตรสหายท่านหนึ่ง",พุทธะอิสระโพสต์ขอให้ ดีเอสไอ เช็คพระทองคำแสนองค์ธรรมกาย เป็น ทองคำแท้ หรือ ทองคำปลอม!,link,http://www.nationtv.tv/main/content/social/378538650/,2017-03-14 23:40:15,1887,170,114,1308,3,9,534,2,31
511585615610016_1068543829914189,"""ดีแค่ไหนมีคนพิสูจน์อักษรให้"" #มิตรสหายท่านหนึ่ง",The Hacker News,photo,https://www.facebook.com/thehackernews/photos/a.197666140247267.65555.172819872731894/1787811904566008/?type=3,2017-03-14 23:16:31,1069,10,0,763,0,6,300,0,0
511585615610016_1068324333269472,"""ชื่อเสียงของแท็กซี่ที่มักโกงนักท่องเที่ยวกำลังทำร้ายการท่องเที่ยวมาเลเซีย แต่เมื่อมี Uber และ GrabCar นักท่องเที่ยวก็ไม่ต้องกลัวการมาเที่ยวประเทศเราอีกต่อไป"" 

มุมมองของ Nazri Aziz รัฐมนตรีกระทรวงการท่องเที่ยวมาเลเซีย แสดงความเห็นต่อ Uber/Grab ไว้เมื่อ 8 มกราคม 2017",Blognone,photo,https://www.facebook.com/blognone/photos/a.10150302877481716.327076.12105421715/10154339634061716/?type=3,2017-03-14 15:32:12,1457,20,0,1324,23,10,98,2,0
511585615610016_1068046263297279,"""พวกหมอกับพยาบาลนี่เขาไม่รู้จักภาษีอื่นๆ อย่าง VAT, ภาษีสรรพสามิต กันเหรอครับ?""

Chotisak Onsoong
ที่มา : https://www.facebook.com/photo.php?fbid=1851150504910919",Timeline Photos,photo,https://www.facebook.com/quoteV2/photos/a.512068612228383.1073741830.511585615610016/1068046263297279/?type=3,2017-03-14 07:36:05,1131,76,59,868,0,13,238,5,7
511585615610016_1068037983298107,"""จอมเกตูลส์ มาเอดะ ไทซน"" #มิตรสหายท่านหนึ่ง",Timeline Photos,photo,https://www.facebook.com/quoteV2/photos/a.512068612228383.1073741830.511585615610016/1068037983298107/?type=3,2017-03-14 07:06:34,4759,128,137,3899,17,108,727,3,5
511585615610016_1067927433309162,"""วันนี้ CNN ทำแคมเปญ #MyFreedomDay เพื่อรณรงค์การใช้แรงงานทาสสมัยใหม่ (modern slavery) และการใช้แรงงานเด็ก หลายคนอาจจะมองไปที่เด็กยากไร้ที่ถูกล่อลวงมาทำงาน นั่นก็มี แต่ผมคิดว่าการใช้แรงงานทาสแบบใหม่นี้ อยู่ไม่ไกลตัวเราเลย มันอยู่ในรูปแบบของ ""เด็กฝึกงานที่ไม่ได้รับค่าจ้าง"" 

ในขณะที่เรามีกฎหมายแรงงาน มีค่าแรงขั้นต่ำ แต่บริษัทยักษ์ใหญ่หลายบริษัท รวมถึงองค์กรระหว่างประเทศระดับโลกอย่างองค์การสหประชาชาติ ก็ไม่จ่ายค่าจ้างให้เด็กฝึกงาน เท่ากับว่าองค์การสหประชาชาติตัดโอกาสเด็กยากไร้ไปเลย คนที่เป็นเด็กฝึกงานขององค์การสหประชาชาติจึงต้องมีสตางค์ในระดับหนึ่งเลยยิ่งถ้าต้องฝึกงานที่สำนักงานใหญ่ประเทศสวิตเซอร์แลนด์เพราะUN ไม่ออกให้สักอย่าง

ถึงขนาดที่ว่าเด็กฝึกงานของยูเอ็นต้องตั้งกลุ่มขึ้นมาชื่อกลุ่ม 'จับตาแซนวิชยูเอ็น' คอยบอกกันว่าหน่วยงานของยูเอ็นจัดงานเมื่อไรตรงไหนจะได้ไปหยิบของว่างมากินฟรี เพราะค่าครองชีพนั้นแพงเหลือเกิน

นี่คงนับเป็นแรงงานทาสสมัยใหม่ได้อย่างหนึ่ง หรืออาจจะยิ่งกว่าทาสด้วยซ้ำ เพราะทาสยังได้ที่พักได้อาหารกิน องค์กรบางองค์กรกำหนดหน้าที่ความรับผิดชอบเป็นสิบอย่าง แต่ไม่จ่ายสตางค์สักแดง โดยใช้ข้ออ้างว่านี่เป็นงาน 'อาสาสมัคร'

หลายประเทศในยุโรปอย่างเช่นอิตาลี่ สเปน เยอรมันนี มีกฎหมายคุ้มครองการฝึกงานว่าต้องมีการจ่ายค่าจ้างขั้นต่ำเพราะมันคือการแลกกับแรงงาน และเริ่มมีการผลักดันให้สมาชิกสหภาพยุโรปคุ้มครองการฝึกงานด้วย(เด็กฝึกงานของสหภาพยุโรปก็ไม่ได้รับค่าจ้าง) ในขณะที่สหรัฐอเมริกายังไม่มีกฎหมายคุ้มครองที่ชัดเจน
ในประเทศไทยก็ยังมีองค์กรหลายองค์กรที่ไม่จ่ายค่าจ้างให้เด็กฝึกงานโดยอ้างว่าเป็นองค์กรไม่แสวงหากำไรบ้าง หรือว่าไม่มีงบประมาณเพียงพอบ้าง แต่ถ้าเป็นแบบนั้นก็ไม่ควรที่จะรับมาทำงานประจำแต่แรก""

- Rackchart Wong-arthichart
https://www.facebook.com/ohkub/posts/10155206245598939",,status,,2017-03-14 03:19:33,410,6,25,389,3,7,11,0,0
511585615610016_1067896153312290,"""กูดูแล้ว ถึงกับลุกขึ้นจับดาบเลย แหม่"" #มิตรสหายท่านหนึ่ง",หวั่นฟังแล้วหัวร้อน ดีเอสไอ ชี้ MV เพลงแปลงธรรมกาย หากเข้าข่ายยุยงปลุกปั่น ดำเนินคดีได้ท,link,http://prachatai.org/journal/2017/03/70560,2017-03-14 01:58:13,2092,61,45,1526,4,11,541,2,8
